Index,SMILES,LogP,TPSA
0,OCc1cccc(O)c1,0.8844999999999998,40.46
1,CC(C)=O,0.5952999999999999,17.07
2,C[N+](C)(C)CCO,-0.3150999999999999,20.23
3,CCCCCCCC,3.3668000000000022,0.0
4,CCCCCCCC(=O)O,2.4314999999999998,37.3
5,NCCCC(N)C(=O)O,-0.8627999999999991,89.34
6,NC1CONC1=O,-1.6249000000000007,64.35
7,CC(O)CC(=O)O,-0.15809999999999996,57.53
8,CSCCC(=O)C(=O)O,0.39319999999999994,54.370000000000005
9,Nc1cnc[nH]1,-0.008099999999999885,54.699999999999996
10,NC(CS)C(=O)O,-0.6719000000000002,63.32000000000001
11,O=C(O)C1CCCN1,-0.177,49.33
12,O=C1CCNC(=O)N1,-0.7841,58.2
13,NC(C=O)CCC(=O)O,-0.6226000000000003,80.39
14,O=C(O)C(O)CO,-1.5757999999999999,77.76
15,NC=NCC(=O)O,-0.942,75.67999999999999
16,CN(C)c1ccccc1,1.7526,3.24
17,NCC(O)c1ccccc1,0.6787000000000001,46.25
18,CC(O)CO,-0.6405000000000001,40.46
19,OP(O)(O)=[Se],-1.1906,60.69
20,NCCCCNCCCN,-0.3362999999999989,64.07
21,NCCS(=O)(=O)O,-1.1670999999999996,80.39
22,C[N+](C)(C)[O-],0.1903999999999999,23.06
23,NC(N)=O,-0.9762000000000002,69.11
24,NCCCS(=O)(=O)O,-0.7769999999999997,80.39
25,OCC(O)CF,-0.6908999999999998,40.46
26,C[Se]CC(=O)O,0.24159999999999998,37.3
27,Cc1ccc(O)cc1,1.7006199999999998,20.23
28,NC1CCCCCC1,1.6679,26.02
29,CCCC(CCC)C(=O)O,2.2874,37.3
30,CCOC(=O)C(N)CS,-0.19339999999999985,52.32
31,O=C(O)C1=CCNCC1,-0.009299999999999864,49.33
32,CNC(C)C(=O)O,-0.3211000000000002,49.33
33,NCCc1ccc(F)cc1,1.3269,26.02
34,C=NCC(C)(C)OC,1.112,21.59
35,NCCNCCNCCN,-1.916999999999998,76.1
36,O=C(O)c1ccncc1,0.7797999999999999,50.19
37,NCCCNCCCN,-0.7263999999999986,64.07
38,Nc1ccccc1,1.2688000000000001,26.02
39,CCOS(=O)(=O)OCC,0.30420000000000014,52.60000000000001
40,O=C([O-])CBr,-0.8688000000000002,40.129999999999995
41,FC(F)(F)Br,1.9011,0.0
42,C[Pb](C)(C)C,1.9544,0.0
43,CC(C)(C)CO,1.0248,20.23
44,COS(=O)(=O)OC,-0.476,52.60000000000001
45,ClCC1(CCl)COC1,1.4806,9.23
46,CC(C)CO,0.6347,20.23
47,C=CC(C)=O,0.7614,17.07
48,NC(=O)CCl,-0.2895000000000001,43.09
49,ClC(Cl)C(Cl)Cl,2.5938,0.0
50,NC(=O)c1ccccc1N,0.3677,69.11
51,CCC(C)c1ccccc1O,2.9057000000000017,20.23
52,Cc1ccccc1CO,1.48732,20.23
53,Ic1cccc2ccccc12,3.4444000000000017,0.0
54,CC(C=O)c1ccccc1,1.9889999999999999,17.07
55,Cc1ccccc1Cl,2.6484200000000007,0.0
56,Cc1ccc(N)cc1C,1.88564,26.02
57,BrCC(Br)CBr,2.5397000000000007,0.0
58,OC(CCl)CCl,0.8249,20.23
59,Clc1cccs1,2.4015000000000004,0.0
60,CCOC(=O)C(C)O,-0.06970000000000004,46.53
61,O=Cc1cccs1,1.5606,17.07
62,O=C(S)c1ccccc1,1.7565999999999997,17.07
63,CCN(CC)CCO,0.32050000000000006,23.47
64,OCC1CCCCC1,1.559,20.23
65,ON=C1CCCCC1,1.7807,32.59
66,C1CN2CCC1CC2,1.1021,3.24
67,CNC(C)CC1CCCC1,2.1746,12.03
68,OCCN(CCO)CCO,-1.734699999999999,63.93000000000001
69,CCCc1ccccc1,2.639100000000001,0.0
70,CC(=O)Cc1ccccc1,1.8181,17.07
71,CCCCC(CC)CO,2.1951000000000005,20.23
72,COc1ccc(Br)cc1,2.4577,9.23
73,C=COC(=O)CC,1.0831,26.3
74,Cc1ccc(O)c(C)c1,2.0090399999999997,20.23
75,Cc1ccc(S)cc1,2.2837199999999998,0.0
76,CCC(CO)CC(C)C,2.051,20.23
77,CC(C)OP(C)(=O)F,2.2038,26.3
78,CC(C)CCBr,2.4274000000000004,0.0
79,CN(C)CCCl,0.7867999999999999,3.24
80,NC(=O)CC(N)=O,-1.6528999999999998,86.18
81,CC1CCC(=O)O1,0.7119,26.3
82,Cc1cccc(Cl)c1,2.6484200000000007,0.0
83,Cc1cc(N)cc(N)c1,1.1594200000000001,52.04
84,Brc1ccccc1,2.4491000000000005,0.0
85,Oc1cccnc1,0.7871999999999999,33.120000000000005
86,C=COCC(C)C,1.8025,9.23
87,CC(C)CCON=O,1.7305,38.66
88,CCCCC=O,1.3755,17.07
89,CCCOC=O,0.5694,26.3
90,C1COCCN1,-0.3938000000000001,21.259999999999998
91,CCCCCCC(C)=O,2.5458000000000007,17.07
92,CCCCCCO,1.559,20.23
93,OCCNCCO,-1.4393999999999998,52.489999999999995
94,CCCCCCCC(=O)Cl,3.112300000000002,17.07
95,COCCOCCO,-0.3583,38.69
96,CCCCCCCCS,3.276700000000003,0.0
97,CCCCCCCCOC(C)=O,2.910000000000002,26.3
98,CCCCCCCCCCO,3.119400000000002,20.23
99,CCCCCCCCCCCO,3.5095000000000023,20.23
100,CCCCCCCCCCCC=O,4.106200000000003,17.07
101,CCC(N)(CO)CO,-0.9215000000000002,66.48
102,CCCCOC(=O)C(C)O,0.7104999999999999,46.53
103,O=C(O)CCC1CCCC1,2.0414000000000003,37.3
104,COCNC(=O)NCOC,-0.5065999999999999,59.59
105,C1CNCCN1.Cl.Cl,0.02279999999999993,24.06
106,CCCCCCCCCO,2.7293000000000016,20.23
107,CC(C)C=NO,1.1024,32.59
108,C1CC12CC2,1.5604,0.0
109,c1ccc2nnccc2c1,1.6298,25.78
110,c1ccc2ocnc2c1,1.8277999999999999,26.03
111,C1CC2C3C(C1)C23,1.6622999999999999,0.0
112,c1ccnnc1,0.4765999999999999,25.78
113,C1COCCOCCOCCO1,0.06640000000000001,36.92
114,Cc1cc(C)on1,1.29144,26.03
115,N#C[S-],0.01438,23.79
116,FC(F)(F)C(Cl)Cl,2.3524000000000003,0.0
117,C=[N+]=[N-],-0.0832,36.400000000000006
118,Fc1ccc(CCl)cc1,2.5645000000000007,0.0
119,C#CCCCCCF,2.1494999999999997,0.0
120,O=C(F)Cl,1.3147,17.07
121,FC(F)C(F)(F)Cl,2.0831,0.0
122,O=C(Cl)CF,0.7213,17.07
123,O=C(O)CCCCCF,1.6009,37.3
124,Fc1ccccn1,1.2207,12.89
125,FCCCCCCI,2.9513000000000016,0.0
126,OCCCCCCCCF,2.2888,20.23
127,COC(F)(F)C(F)Cl,1.76,9.23
128,CCOC(O)C(F)(F)F,0.9036000000000002,29.46
129,Cc1c(F)cccc1Cl,2.7875200000000016,0.0
130,Cc1ccc(O)c(O)c1,1.4062199999999996,40.46
131,Nc1cccnc1,0.6638000000000001,38.91
132,NC(=O)NCC(=O)O,-1.2607,92.42
133,C#CCCCCCCCF,2.9297000000000013,0.0
134,S=C(Cl)Cl,1.7489000000000001,0.0
135,O=C1NCc2ccccc21,0.93,29.1
136,c1ccc2c(c1)CCC2,2.1753,0.0
137,OCC(Cl)CO,-0.4215999999999999,40.46
138,OCCc1ccc(O)cc1,0.927,40.46
139,O=C1CCCCCCC1,2.2998000000000003,17.07
140,CNC(C)CCCC(C)C,2.4206000000000003,12.03
141,C=CC[N+](C)(C)C,0.8785999999999999,0.0
142,Cc1cc(O)cc(O)c1,1.4062199999999996,40.46
143,CC(C)CCl,1.8812,0.0
144,C=C(C)C(=C)C,2.1386000000000003,0.0
145,Cc1cccc(O)c1C,2.0090399999999997,20.23
146,Cc1ccccc1C#N,1.8667,23.79
147,C=CCN(C#N)CC=C,1.14148,27.03
148,CC(C)Cc1ccccc1,2.8851000000000013,0.0
149,CCCCC(=O)OCC,1.7397,26.3
150,Fc1ccc(F)cc1,1.9647999999999999,0.0
151,CC(C)CCI,2.4675000000000002,0.0
152,O=C1C=CC(=O)N1,-0.8010000000000002,46.17
153,COC(=O)CC(Cl)CF,1.1264,26.3
154,CCCCC[Hg]Cl,2.8312000000000017,0.0
155,COC(=O)C(C)O,-0.45980000000000015,46.53
156,Cc1cccs1,2.05652,0.0
157,COC(=O)CC(C)C,1.2055,26.3
158,C=CCOCC,1.2089,9.23
159,CC(Br)Br,2.1222,0.0
160,C=CC(C)Cl,1.7997,0.0
161,CC(O)C(C)Cl,0.9944999999999999,20.23
162,O=C(O)C(Cl)CCl,0.9172,37.3
163,Cc1cccc(C)c1O,2.00904,20.23
164,COc1ccccc1Br,2.4577,9.23
165,Brc1ccccc1Br,3.2116000000000007,0.0
166,CCCC(Br)C(=O)O,1.6345999999999998,37.3
167,O=Cc1cccc(Cl)c1,2.1525,17.07
168,CCC(C)CCO,1.4149,20.23
169,CCOC(=O)CCCCCF,2.0794,26.3
170,CCCCOC(=O)CC,1.7397,26.3
171,CCCC(C)(C)O,1.5574,20.23
172,O=C(O)CCBr,0.8560000000000001,37.3
173,CC1CCCC(C)C1,2.832600000000001,0.0
174,CC1=CCCCC1,2.5067000000000004,0.0
175,C=CCOC(C)=O,0.7355,26.3
176,CCCCCC(C)C,3.2227000000000023,0.0
177,C=CCCC#N,1.47618,23.79
178,CCCCOC=O,0.9595,26.3
179,ClC(Cl)I,2.1826,0.0
180,CCC(C)(C)I,2.610000000000001,0.0
181,CCC(C)(O)C(C)C,1.8034,20.23
182,C=CC(C)O,0.5531999999999999,20.23
183,CN(C)C(N)=O,-0.3732999999999997,46.33
184,CCC(=O)C(C)=O,0.5545,34.14
185,CC(C)(N)CO,-0.2840000000000001,46.25
186,Oc1c(Br)cccc1Br,2.9172000000000002,20.23
187,Cc1ccccc1N=O,2.392920000000001,29.43
188,ClCc1ccccc1CCl,3.164200000000002,0.0
189,CCOC(=O)c1ccco1,1.4563,39.44
190,Nc1cc(Cl)ccc1S,2.2109,26.02
191,C=CC(O)CC,0.9433,20.23
192,CCCC(O)C(C)C,1.8034,20.23
193,CCN(C#N)CC,0.80928,27.03
194,CCc1cccc(C)c1,2.5574200000000005,0.0
195,ClC=Cc1ccccc1,2.8961000000000015,0.0
196,CCCNc1ccccc1,2.5085000000000006,12.03
197,N#Cc1ccc(Cl)cc1,2.2116800000000003,23.79
198,CCOC(=O)CI,0.9845,26.3
199,CCNC(=O)NCC,0.3254000000000002,41.13
200,CC(C)CC#N,1.55608,23.79
201,CCNC(N)=O,-0.3254000000000001,55.12
202,Cc1ccc(C)o1,1.89644,13.14
203,CCC(C)NC(C)CC,2.173,12.03
204,Clc1cccnc1,1.7349999999999997,12.89
205,CCCCC(C)O,1.5574,20.23
206,CCCCCCC(C)Cl,3.584100000000003,0.0
207,CCC[Hg]CCC,2.725500000000001,0.0
208,BrCCCCCCBr,3.3366000000000025,0.0
209,C1=CC=CC=CC=C1,2.2248,0.0
210,CCCCCCCCCCCCCC,5.707400000000006,0.0
211,Cc1ccccc1N.Cl,1.9990200000000002,26.02
212,CCC(=O)OC(C)C,1.3479999999999999,26.3
213,Pc1ccccc1,1.1869999999999998,0.0
214,CCCCCOC=O,1.3496,26.3
215,CCCC=C(C=O)CC,2.3218000000000005,17.07
216,CCCCS(=O)(=O)F,1.0858,34.14
217,NC(=O)CCCCCF,1.0015999999999998,43.09
218,O=CN(O)CC(=O)O,-1.0814000000000001,77.84
219,CCCC[As](Cl)Cl,2.752300000000001,0.0
220,OCCSCCCl,0.9506999999999999,20.23
221,Cc1ccsn1,1.45152,12.89
222,C=CC1CCCCC1,2.752700000000001,0.0
223,CCCC1CCCC(=O)O1,1.8822,26.3
224,NC(=O)CS,-0.5985,43.09
225,C=CC(Cl)CCl,2.0186,0.0
226,CCCCCC(C)OO,2.4448,29.46
227,COc1ccccc1Cl,2.3486000000000002,9.23
228,Cc1cc(C)nc(N)n1,0.6756399999999999,51.8
229,CC(C)Nc1ccccc1,2.506900000000001,12.03
230,CCCN(N=O)C(N)=O,0.45850000000000024,75.75999999999999
231,CCCCCCCCC(Cl)Cl,4.540700000000004,0.0
232,OC1C2C=CC1C=C2,0.7192999999999999,20.23
233,CCN(CC)CCCl,1.567,3.24
234,FCCNCCCl,0.7843,12.03
235,O=Cc1ccncc1,0.8940999999999999,29.96
236,NC(=O)CCCO,-0.7558000000000002,63.32000000000001
237,CC(=O)CCCC(C)C,2.401700000000001,17.07
238,CCCCCCCCCCCCN,3.8660000000000023,26.02
239,ClC1=CCCCC1,2.6831000000000005,0.0
240,CCC1=NCC(C)N1,0.7866,24.39
241,O=Nc1ccc(Cl)cc1,2.7379000000000007,29.43
242,CC(=O)OCC#N,0.07308000000000003,50.09
243,O=Cc1ccc[nH]1,0.8271999999999999,32.86
244,NC(=O)CCNCCS,-0.6188000000000002,55.120000000000005
245,CC(C)CC(C)C(C)C,3.324600000000002,0.0
246,ClCCC(Cl)(Cl)Cl,2.985500000000001,0.0
247,CC(=O)CCCO,0.34790000000000004,37.3
248,NCCCN1CC1,-0.34919999999999973,29.03
249,COC(=O)CCN1CC1,-0.13490000000000024,29.310000000000002
250,N#CCCNc1ccccc1,2.01218,35.82
251,CCCCCCC(O)CO,1.3099999999999998,40.46
252,CC1C=CCC1,1.9725,0.0
253,O=Cc1ccccn1,0.8940999999999999,29.96
254,CN(C)c1ccncc1,1.1476,16.130000000000003
255,O=C(O)CCCCCO,0.6236999999999999,57.53
256,BrCC1CCCO1,1.5602999999999998,9.23
257,CC1=CC(=O)CCC1,1.6857,17.07
258,O=[Si](O)O,-1.6136000000000001,57.53
259,[Ca+2].[O-][O-],-2.7588,46.12
260,[K+].[K+].[SH-],-6.262099999999999,0.0
261,O=POP=O,1.4163999999999999,43.370000000000005
262,Cc1cc(Cl)ccc1O,2.3540200000000007,20.23
263,F.[F-].[NH4+],-2.4673000000000003,36.5
264,C[Ga](C)C,1.3705999999999998,0.0
265,O=C(O)C1CCCCCC1,2.0414000000000003,37.3
266,ClCC=CCCl,2.0202,0.0
267,OCCC1CCCCN1,0.5108999999999997,32.26
268,OC1CCCCCCCCC1,2.8718000000000012,20.23
269,CC1CCC1=O,0.9854,17.07
270,CCC(C)CCC(=O)O,1.8973,37.3
271,C=CCCCCCCC=C,3.6990000000000025,0.0
272,CCCC1CCCCC1,3.3668000000000022,0.0
273,CC(C)(C)c1cccs1,3.045600000000002,0.0
274,CCC(=O)CCC(C)=O,1.3347,34.14
275,Cc1ncnc(C)n1,0.4884399999999999,38.67
276,C=CCc1ccccc1O,2.1207000000000007,20.23
277,C(CC1CO1)C1CO1,0.5642,25.06
278,CCCCC#CCCCC,3.3702000000000023,0.0
279,ClCCNCCBr,1.2097,12.03
280,C=Cc1cc(C)ccc1C,2.9464400000000017,0.0
281,O=CC1CCCCC1,1.7656,17.07
282,Brc1cn[nH]c1,1.1722,28.68
283,C=CCSSCCC,2.9638000000000018,0.0
284,ClCCN1CCCCCC1,2.1012,3.24
285,CC(C)S(=O)C(C)C,1.5519,17.07
286,NN1CCCCC1,0.34599999999999964,29.259999999999998
287,N#Cc1cccc(N)c1,1.14048,49.81
288,CCCCCCCCC#N,3.260580000000002,23.79
289,CCCCCc1ccccn1,2.814300000000001,12.89
290,CCN1C(=O)CCC1=O,0.1553,37.38
291,COc1cccc(Br)c1,2.457700000000001,9.23
292,CCOP(=O)(OCC)SC,2.530500000000001,35.53
293,CCCC1CC1,2.1965000000000003,0.0
294,CC(C)(C)NC=O,0.5308999999999999,29.1
295,CC1CCCC1C,2.442500000000001,0.0
296,CCCC=CCOC(C)=O,1.9058,26.3
297,O=C(O)C1CCN1,-0.5671000000000002,49.33
298,CN1CCCCCC1=O,1.0188,20.310000000000002
299,CCC(C)OCOC(C)CC,2.5741000000000005,18.46
300,CCOC(=O)NC(C)C,1.1409,38.33
301,CC(=O)Nc1nccs1,1.1015,41.99
302,S=C(S)OC1CCCCC1,2.5504000000000007,9.23
303,NCCCCCCCCCCCCN,2.804800000000001,52.04
304,Cc1cccc2c1CCCC2,2.873820000000001,0.0
305,CC1CC(C)C(C)C1,2.6885000000000012,0.0
306,Clc1ncnc(Cl)n1,1.1784,38.67
307,FC(Cl)C(F)(F)F,2.0831,0.0
308,COc1cccc(Cl)c1,2.3486000000000002,9.23
309,OCCCc1cccnc1,1.0065,33.120000000000005
310,CCCCCCC1CO1,2.3556,12.53
311,O=[As]C=CCl,0.7461,17.07
312,ClCc1cccnc1,1.8203999999999998,12.89
313,CSc1ccc(O)cc1C,2.4225200000000005,20.23
314,Brc1cscc1Br,3.2731000000000003,0.0
315,CCOC(=O)CCCCl,1.5685,26.3
316,CCCCc1ccccc1O,2.734800000000002,20.23
317,ClCC1CS1,1.3406,0.0
318,CC(=O)C=C(C)O,1.0372,37.3
319,NCCCNC1CCCCC1,1.2574999999999996,38.05
320,CCC(C#N)C#N,1.0597599999999998,47.58
321,CC=CC(=O)O,0.6471,37.3
322,COP1OCCO1,0.9064999999999999,27.69
323,[O-]n1ccccc1=S,1.5634899999999998,27.99
324,O=c1cccccc1Cl,1.7002,17.07
325,CCCCCCC#CC(N)=O,1.4455,43.09
326,CN(C)c1ncncn1,-0.06240000000000001,41.910000000000004
327,CCC(C)CCC=C(C)C,3.778900000000003,0.0
328,CC(=O)C(C)Cl,1.2026999999999999,17.07
329,CC#CCCCCC#CC,2.593400000000001,0.0
330,CC(CO)Oc1ccccc1,1.4462,29.46
331,O=C(O)CCCCCCl,1.8702,37.3
332,NCCCOCCOCCOCCCN,-0.2661999999999983,79.73
333,CN(CCBr)CCBr,1.708,3.24
334,CCCCCC1(C)OCCO1,2.3297000000000008,18.46
335,CC(C)C1(C)OCCO1,1.4054,18.46
336,C=CC(C)=CC,2.1386000000000003,0.0
337,CC=CCC#N,1.47618,23.79
338,CCc1ccc(C=O)cc1,2.0615,17.07
339,O=C(O)C1CC=CCC1,1.4273,37.3
340,CC=CC#N,1.08608,23.79
341,NN1CCc2ccccc2C1,0.9183999999999999,29.259999999999998
342,C=CC(C)CCCC(C)C,3.634800000000003,0.0
343,NCC1(N)CCCCCC1,0.996799999999999,52.04
344,C=CCCBr,1.9574,0.0
345,C=COCCCCCC,2.726800000000001,9.23
346,BrCCOCCBr,1.7928,9.23
347,CCNC1CCCCC1,1.9286,12.03
348,CC(=O)c1cscc1O,1.6563,37.3
349,NCCNCCCl,-0.22650000000000037,38.05
350,CNC(C)CCC=C(C)C,2.3407,12.03
351,COC(=O)CCCl,0.7882999999999999,26.3
352,CCCC(C)O,1.1673,20.23
353,C#CCCC(=O)O,0.48439999999999994,37.3
354,CCCC1OC1C,1.5737999999999999,12.53
355,CCCC(C)C(=O)CC,2.401700000000001,17.07
356,CCCCC(=O)NC,0.9225999999999999,29.1
357,NCCNCc1ccccc1Cl,1.3882999999999996,38.05
358,CCCCCCc1cccnc1,3.2044000000000015,12.89
359,CCCCCC(C)C(C)C,3.858800000000003,0.0
360,CCCCCCCCCCOC,3.773500000000003,9.23
361,CC=CC(=O)OCCCC,1.9058,26.3
362,CCCCN(N)CCCC,1.7623,29.259999999999998
363,Cl[Al](Cl)Cl,1.6877,0.0
364,CC(O)(CCO)CCO,-0.49779999999999996,60.69
365,O=[Si]=O,-0.6184000000000001,34.14
366,Br[Al](Br)Br,2.156,0.0
367,NS(=O)(=O)Cl,-0.5712999999999997,60.160000000000004
368,[Li+].[NH2-],-2.2789,33.5
369,I[Hg-2](I)(I)I,3.5403000000000002,0.0
370,Br[Co]Br,1.6887,0.0
371,I[Sb](I)I,2.2763,0.0
372,Br[Pb]Br,1.3104,0.0
373,NN.O=S(=O)(O)O,-1.8339999999999996,126.64000000000001
374,C=COCCOCCOCC,1.1996,27.69
375,ClN1CC1,0.45580000000000004,3.01
376,CCB1OCCO1,0.5413,18.46
377,CCC1(CC)COC1,1.823,9.23
378,O=NN1CC=CC1,0.5396000000000001,32.67
379,[I-].[NH4+],-2.6198,36.5
380,Br[Fe](Br)Br,2.5343,0.0
381,CC(=O)N(C)O,-0.14610000000000006,40.540000000000006
382,CCc1cnc(CC)cn1,1.6014,25.78
383,C=CN(CC)N=O,1.1332,32.67
384,CCCCNCC,1.396,12.03
385,COC(C)COCC(C)O,0.4186999999999999,38.69
386,CC1CCCN(N=O)C1,1.3997,32.67
387,CCc1cnccn1,1.039,25.78
388,COP(=O)(CCl)CCl,2.3035000000000005,26.3
389,[144Ce],0.0,0.0
390,CCCC1=NCCN1,0.7882,24.39
391,OCN1CCN(CO)C1=S,-1.2115,46.94
392,O.[Hg].[Hg],-0.8297000000000001,31.5
393,CC(C)C=CC(C)C,2.8546000000000014,0.0
394,Nc1ccc(=O)ccc1O,0.33460000000000006,63.32000000000001
395,C1CSCCO1,0.7498,9.23
396,CCC1(CC)CNC1=O,0.9225999999999999,29.1
397,O=[Sb]O[Sb]=O,-1.0676,43.370000000000005
398,C=CCC(C)C(C)C,2.8546000000000014,0.0
399,CCCCn1cnnc1,1.0781999999999998,30.71
400,CCN(N=O)C(C)C,1.3981000000000001,32.67
401,C1=CCC2CC2C1,1.9725,0.0
402,CCC(C)CC(C)(C)C,3.468700000000003,0.0
403,O=c1[nH]cccc1O,0.08050000000000002,53.09
404,CCOP(=O)(CCl)CI,2.889800000000001,26.3
405,Clc1ccc2ocnc2c1,2.4812000000000003,26.03
406,CCCCC(C)CCC(C)C,4.2489000000000035,0.0
407,NC(=O)SCCCCl,1.4272000000000002,43.09
408,CC(C)C1OCCS1,1.7319,9.23
409,CSc1ccccn1,1.8034999999999999,12.89
410,O.O.[Fe],-1.6519000000000001,63.0
411,O=[Mo]=O,-0.2401,34.14
412,CCC[N+](C)(C)C,1.1025999999999998,0.0
413,CCOC=CC=O,0.7355,26.3
414,CCN[N+](=O)[O-],-0.21239999999999987,55.17
415,NCCNc1ccc(N)cc1,0.6393999999999997,64.07
416,COC1OCCO1,-0.036799999999999944,27.69
417,NCC1Cc2ccccc2O1,0.9487999999999999,35.25
418,O=CC=CCl,0.9378,17.07
419,Oc1cccc2cnccc12,1.9403999999999995,33.120000000000005
420,CC1=CCOC1=O,0.4895,26.3
421,CCCC(C)=CC(C)=O,2.3218000000000005,17.07
422,N#CC(Cl)=CCl,1.82898,23.79
423,CCOC(OCC)OCC,1.3795,27.69
424,OCCNc1ccccc1,1.0908,32.26
425,CCCC(C)C=O,1.6215,17.07
426,CCCCCC(=O)OCC,2.1298000000000004,26.3
427,C1COCCO1,0.03320000000000001,18.46
428,C=CCCCCCCC,3.5329000000000024,0.0
429,ClC(Br)Br,2.2986000000000004,0.0
430,O=S(=O)(O)CI,0.2667000000000002,54.370000000000005
431,C=CC(=C)Cl,1.9248999999999998,0.0
432,NCCSCSCCN,0.3277,52.04
433,COC(=O)[Hg]Br,1.1452,26.3
434,C=CCC(=O)O,0.6471,37.3
435,Cc1cccc(C)c1Cl,2.9568400000000015,0.0
436,Cc1cccc2occc12,2.741220000000001,13.14
437,CCc1nccnc1OC,1.0475999999999999,35.010000000000005
438,FC(F)C(Cl)Cl,2.0552,0.0
439,OCCOCCOC1CCCCC1,1.3445999999999998,38.69
440,CCCCCCCCCCNO,3.105900000000001,32.26
441,C#CCN(CC#C)N=O,0.23620000000000008,32.67
442,CC#CCCC,1.8098,0.0
443,O=S(=O)(O)CCBr,0.2691000000000002,54.370000000000005
444,O=C1CCCNC1,-0.0611000000000001,29.1
445,CC=CC=CCOCCO,1.1276,29.46
446,CCCCC1OC1CC,2.354,12.53
447,Cc1ccc(CCO)cc1C,1.8382399999999999,20.23
448,CCC=CCCC=CCO,2.2813000000000003,20.23
449,CCCCCCC1=NCCN1,1.9585,24.39
450,C1=CC=CCCC=C1,2.4488000000000003,0.0
451,CCc1cccc(O)c1C,2.26302,20.23
452,CC1CCC(C)(C)CC1,3.2227000000000023,0.0
453,CCN1CCN(CC)C1=S,0.9286999999999997,6.48
454,Oc1ccc(CCl)cc1,2.1310000000000002,20.23
455,CC1CCCCC12SCCS2,3.3728000000000025,0.0
456,ClC=CCCCl,2.367800000000001,0.0
457,CCC=C(C)C#N,1.86628,23.79
458,CC1=NC1C(=O)O,-0.08590000000000003,49.66
459,CCCCC[Hg],2.1417,0.0
460,O=c1ccccc(O)c1O,0.458,57.53
461,COC=C(C)C1CC1,1.9465999999999999,9.23
462,CCC1CCC1O,1.1673,20.23
463,BrC1CC1c1ccccc1,2.937400000000001,0.0
464,C[N+](C)(C)CCS,0.6224000000000001,0.0
465,COCN(C)N=O,0.20350000000000001,41.9
466,NC(N)=NCCCS,-0.42030000000000006,64.4
467,CCNC(C)CC(C)C,2.0305,12.03
468,CC1CCCC12CSCCO2,2.3086,9.23
469,CCCCCC(=O)N1CC1,1.4089,20.08
470,Cc1c[nH]c(C)c1,1.63154,15.79
471,CCCC=C(CC)CO,2.1152,20.23
472,Cn1sccc1=O,0.4468,22.0
473,O=c1cc(O)c1=O,-1.0118,54.37
474,C=C(Cl)CC,2.1489000000000003,0.0
475,CCN(CC)CCCC#CCO,1.1040999999999999,23.47
476,CCCCOC(O)OCCCC,1.8957,38.69
477,N#CCN1CCCCCC1,1.38598,27.03
478,C=CCCCC=CC(C)=O,2.4879000000000007,17.07
479,CC(C)(C)CCCC=O,2.401700000000001,17.07
480,C=CCN(CCO)CCO,-0.5410000000000001,43.7
481,O=NN1CCC(=O)CC1,0.3327000000000001,49.74
482,C#CCC1C=CCCC1,2.3660000000000005,0.0
483,CCCC(N)(CC)CCC,2.6941000000000015,26.02
484,ClC[As](Cl)CCl,1.7727,0.0
485,C=COC(=O)N(C)C,0.8281000000000001,29.54
486,CCN(COC)N=O,0.5935999999999999,41.9
487,CCC=CC(C)C(=O)O,1.6733,37.3
488,OCC#C[Hg]C#CCO,-1.0247000000000002,40.46
489,NCCSc1nnc(N)s1,0.17110000000000014,77.82
490,CCCCCCCSC,3.3198000000000016,0.0
491,CCN(CC)CC#N,0.85178,27.03
492,CC(C)(N)c1cccs1,1.9419,26.02
493,CCCC[Hg],1.7516,0.0
494,CCCC[As](Cl)CC,3.0367000000000015,0.0
495,NNc1cccs1,1.0337000000000003,38.05
496,COC1CCCO1,0.7693,18.46
497,CCN(CCCl)CCCCl,2.176,3.24
498,CC(C)COC(=O)NCO,0.31840000000000007,58.56
499,CCCC(C)(C)SSCCN,2.9052000000000007,26.02
500,NNCCCCSc1ccccc1,2.0222,38.05
501,CC1CSC(C)CS1,2.2434000000000003,0.0
502,O=NN1CCSC1,0.6741,32.67
503,CN(CCCl)CCI,1.592,3.24
504,OCCN=Cc1cccs1,1.1593,32.59
505,CN(COO)N=O,0.0466999999999998,62.13
506,CCNC1CCC2CC21,1.3944,12.03
507,CCC[Hg],1.3615,0.0
508,C=C=C(Cl)CC=C,2.4701000000000004,0.0
509,ClC=CC=C(Cl)Cl,3.057900000000001,0.0
510,NC(=O)CC1CO1,-0.7394000000000003,55.620000000000005
511,CC(Cl)C(S)CS,1.8419000000000003,0.0
512,S=C=NCC(Br)=CBr,2.7204000000000006,12.36
513,ClCCCSCc1ccco1,3.141700000000001,13.14
514,CCC(O)C(C)CO,0.3857,40.46
515,C=C(C)C(C)C(C)C,2.8546000000000014,0.0
516,CCOCCBr,1.4178,9.23
517,CCSC(C)=O,1.286,17.07
518,C=CC#CC=C,1.3618,0.0
519,CC(O)C(CO)C(C)O,-0.6435000000000002,60.69
520,CP(C)(=S)Cl,1.8793,0.0
521,C=CCOC=O,0.3454,26.3
522,CC(=O)SCc1ccco1,2.0593,30.21
523,[N-]=[N+]=NCl,1.4505,48.760000000000005
524,N.N.N.N.[Cu+2],0.6454999999999996,140.0
525,CN(C)N.CNNC,-1.2380999999999982,53.32
526,COc1cnc(C)s1,1.46012,22.12
527,CC1(C)COCN1,0.3422999999999999,21.259999999999998
528,CC=CCCC=CC=O,2.0978,17.07
529,CSSCc1ccco1,2.790800000000001,13.14
530,C#CC.C=C=C,1.5968,0.0
531,CN(CCC#N)N=O,0.51328,56.46
532,N.[C-]#[N+]O,0.45688999999999996,59.59
533,CC(S)C(=O)O,0.3892999999999999,37.3
534,CC(C)(C)N=C=O,1.1207,29.43
535,CCCCCCCCCCCS,4.447000000000005,0.0
536,O=C(Cl)OCCl,1.5581,26.3
537,COC(CC(OC)OC)OC,0.6142999999999998,36.92
538,C=C(C)C=C(C)C,2.5287000000000006,0.0
539,O=C(O)C(F)(F)Cl,0.9026000000000001,37.3
540,Nc1ccc(Cl)cn1,1.3172,38.91
541,C=CC(C)C=C,1.9945,0.0
542,Cl[Se][Se]Cl,0.6174,0.0
543,Cl[Er](Cl)Cl,2.0685000000000002,0.0
544,Cl[Co](Cl)Cl,2.066,0.0
545,NC1(CO)CCCC1,0.25019999999999953,46.25
546,Cl[Pr](Cl)Cl,2.0685000000000002,0.0
547,F[SiH3],-0.7637,0.0
548,BrCc1ccccc1CBr,3.4764000000000017,0.0
549,CN(C=O)c1ccccc1,1.2792,20.310000000000002
550,OCCNc1ccccc1Cl,1.7442,32.26
551,S=C(S)N1CCNCC1,0.1062999999999999,15.27
552,CCNCCN(CC)CCNCC,0.5273000000000008,27.299999999999997
553,CCN(C)CCN(C)C,0.4996999999999998,6.48
554,ClCC#CI,1.6211,0.0
555,C1NCNCN1,-1.3586999999999994,36.089999999999996
556,COCCc1ccccn1,1.2705,22.12
557,CC(=N)N,-0.05772999999999989,49.870000000000005
558,NCc1ccc(F)cc1,1.2844,26.02
559,COc1ccnc(N)n1,0.06740000000000002,61.03
560,c1cnc2cnncc2c1,1.0248,38.67
561,c1nn[nH]n1,-0.8003000000000002,54.46
562,Fc1ccccc1I,2.430300000000001,0.0
563,N#CCCCCF,1.64978,23.79
564,FC(F)=CBr,2.1192,0.0
565,Oc1cccc(F)c1O,1.2369,40.46
566,Cc1ccc(F)cc1N,1.7163199999999998,26.02
567,O=S(=O)(F)CCl,0.4820000000000001,34.14
568,N#CC(F)(F)Cl,1.34158,23.79
569,CCC(=O)F,0.8925000000000001,17.07
570,Fc1ccccc1CBr,2.720600000000001,0.0
571,OCc1cccc(F)c1,1.318,20.23
572,CCOc1ccc(F)cc1,2.2244,9.23
573,O=CCC(F)(F)F,1.1377,17.07
574,NC(=O)Cl,0.30390000000000017,43.09
575,O=Cc1ccsc1,1.5606,17.07
576,N#CCc1cccc(F)c1,1.89178,23.79
577,CCCOCOCCC,1.7971,18.46
578,C[Hg]Br,1.4269,0.0
579,OC(CI)CI,1.2173,20.23
580,CNc1ccc(NC)cc1,1.7699999999999998,24.06
581,CC[SiH2]CC,1.0315999999999999,0.0
582,O=C1Cc2ccccc2O1,1.1481,26.3
583,Nc1ccnc2ccccc12,1.817,38.91
584,BrCCOc1ccccc1,2.4603,9.23
585,CC(=O)OCBr,0.9019,26.3
586,S=C(S)S,1.1309,0.0
587,CCCC(O)(CC)CCC,2.7277000000000013,20.23
588,CCC(=O)CCl,1.2043000000000001,17.07
589,BrC(Br)c1ccccc1,3.4750000000000014,0.0
590,Cc1cccc(N=O)c1,2.39292,29.43
591,CCCOC(OCCC)OCCC,2.5498000000000003,27.69
592,NC(=O)Oc1ccccc1,1.1441000000000001,52.32000000000001
593,Cc1ccc(NO)cc1,1.7961199999999997,32.26
594,CCCNC(=O)NCCC,1.1056,41.13
595,Brc1ccc(Br)nc1,2.6066000000000003,12.89
596,OCc1cccc(CO)c1,0.6712,40.46
597,CCCCOS(=O)OCCCC,2.1985,35.53
598,CC[Te]CC,1.567,0.0
599,O=COCCO,-0.8483,46.53
600,CCCCCCCC(N)=O,1.8322,43.09
601,CCOC(F)(F)F,1.5427,9.23
602,CNCCC#N,0.11947999999999998,35.82
603,CN1CC=CCC1,0.8781,3.24
604,COc1ccc(I)cc1,2.2998000000000003,9.23
605,CCCCCC(C)(C)S,3.2751000000000023,0.0
606,O=C(O)CCCCCCCO,1.4039,57.53
607,ClCc1cccs1,2.4869000000000003,0.0
608,C=COc1ccccc1,2.2089,9.23
609,CSP(SC)SC,3.3023000000000016,0.0
610,CC(C)=CCBr,2.3475,0.0
611,C=CCCCCCCCCl,3.751800000000003,0.0
612,c1ccc(C2CC2)cc1,2.564,0.0
613,S=C(S)N1CCCCCC1,2.0770999999999997,3.24
614,CN(C)C(C)(C)C,1.3464999999999998,3.24
615,CCC(C)N(C)C,1.3465,3.24
616,CCOC(=O)C=O,-0.25160000000000005,43.370000000000005
617,C=CCCCCCl,2.581500000000001,0.0
618,S=c1sccs1,2.53909,0.0
619,COC1=CCCCC1,2.0907,9.23
620,CC=NNc1ccccc1,2.1041999999999996,24.39
621,CCO[PH](=S)OCC,1.5655000000000001,18.46
622,C=C(C=O)CCCC,1.9317,17.07
623,O=S1(=O)OCCCO1,-0.33189999999999986,52.60000000000001
624,CNCCCC(=O)O,0.07059999999999994,49.33
625,CC1=NCCO1,0.43500000000000005,21.59
626,O=C1C=CCCCC1,1.6857,17.07
627,C1=CCCCCC=CCC1,3.453000000000002,0.0
628,O=C(Cl)N1CCCC1,1.441,20.310000000000002
629,O=Cc1cc(O)ccc1O,0.9102999999999997,57.53
630,CCCC(CCC)C(N)=O,1.6881,43.09
631,[82Rb+].[Cl-],-5.992,0.0
632,Br.CN(C)C,0.7557,3.24
633,NCC1(CN)CCCCC1,0.8542999999999994,52.04
634,[201Tl+].[Cl-],-3.3768000000000002,0.0
635,O=C(O)C1CCSS1,1.2247,37.3
636,O=c1cncc[nH]1,-0.23010000000000014,45.75
637,O=C1OCCS1,0.8698,26.3
638,Cc1cc(O)ccc1Br,2.463120000000001,20.23
639,NC(=O)N1CCCCC1,0.5509999999999999,46.330000000000005
640,CCCCCCCc1ccccn1,3.594500000000002,12.89
641,CC(=O)Nc1ccccn1,1.0399999999999998,41.99
642,C=Cc1ccc(N)cc1,1.9118000000000002,26.02
643,CCCc1cccs1,2.7006000000000014,0.0
644,Nc1cccnc1C(=O)O,0.3620000000000001,76.21
645,BrCCC=CC1CC1,2.7376000000000005,0.0
646,COC(F)(F)F,1.1526,9.23
647,[Mg+2].[Se-2],-0.7616,0.0
648,[Se-2].[Zn],-0.38330000000000003,0.0
649,CCN(CC)NNCCCO,-0.2801999999999995,47.53
650,NN1C(=O)CSC1=S,-0.27960000000000007,46.33
651,C#CC(C)=CC,1.5857999999999999,0.0
652,C=CCCCOC(C)=O,1.5157,26.3
653,C=CC=CC#N,1.25218,23.79
654,CCOP(=O)(O)O,0.11560000000000004,66.76
655,COc1ccccn1,1.0901999999999998,22.12
656,N#Cc1ccncc1C#N,0.8249599999999999,60.47
657,N#Cc1ccsc1,1.61978,23.79
658,CCCCPCCCC,3.265100000000002,0.0
659,CCN=CC(C)C,1.7331,12.36
660,Cc1cnc(Cl)nc1Cl,2.09182,25.78
661,O=[N+]([O-])CCl,0.4593999999999999,43.14
662,CCCCC(C)(C)S,2.885000000000002,0.0
663,O=C1NCCCN1,-0.31070000000000014,41.13
664,C=CC1(O)CCCCC1,1.8676,20.23
665,CCCSS(=O)CCC,2.2033000000000005,17.07
666,CCCCCS(=O)CCCCC,3.1155000000000017,17.07
667,ClCCN1CCCCC1,1.7111,3.24
668,CCO[SiH](C)OCC,0.9097,18.46
669,C=Cc1cccc(Br)c1,3.092100000000001,0.0
670,OC1CCOCC1,0.15769999999999995,29.46
671,ClCCCCCCCCCCCl,4.584800000000004,0.0
672,C=CN1CCCCCC1=O,1.5325,20.310000000000002
673,CC(=O)OC=O,-0.29410000000000003,43.370000000000005
674,C[Si]1(C)CCC1,2.0985,0.0
675,FCC(Cl)(Cl)Cl,2.3261000000000003,0.0
676,COc1ccc(CN)cc1,1.1539,35.25
677,C=COC(=O)C(C)C,1.3291,26.3
678,CCSC(=O)CC,1.6761,17.07
679,CN(C)CC(=O)O.Cl,0.054400000000000004,40.540000000000006
680,NC1CCC1,0.4975999999999999,26.02
681,Fc1cccc(S)c1,2.1144,0.0
682,O=CC#Cc1ccccc1,1.2369999999999999,17.07
683,CCCC[Pb]CCCC,3.1274000000000015,0.0
684,On1nnc2ccccc21,0.6685999999999999,50.94
685,CCC(C)(OO)OO,1.0917999999999999,58.92
686,C=CCCCCCCBr,3.517800000000003,0.0
687,N#CCc1ccccn1,1.14768,36.68
688,NCCOCCN,-1.0795999999999994,61.269999999999996
689,COC(=O)C1CC1,0.5693999999999999,26.3
690,CCCCOC(=O)CN,0.2884000000000001,52.32
691,C=CCOC(=O)CCl,0.9544,26.3
692,CCCCNCC#N,0.89968,35.82
693,C=C(C)CCCC(C)C,3.3888000000000025,0.0
694,Nc1ccccc1C1CC1,2.1462000000000003,26.02
695,O=NN1CC=CCO1,0.47120000000000006,41.900000000000006
696,C=CCOCCCCCCCCCC,4.329700000000003,9.23
697,OCN1CCN(CO)CC1,-1.4963999999999988,46.94
698,O=C=Nc1ccccc1Cl,2.3073000000000006,29.43
699,N#CCCC=O,0.48908,40.86
700,C=CCC1CCCC1,2.752700000000001,0.0
701,CCCC(=O)NN,-0.2235999999999999,55.120000000000005
702,Nc1cc(Br)ccc1Br,2.7938,26.02
703,CCCCCCCCCCCCSC,5.270300000000005,0.0
704,CN1CCSC1=N,0.5997699999999999,27.090000000000003
705,CCCCOOCCCC,2.5348000000000006,18.46
706,Clc1ccnc(Cl)n1,1.7833999999999997,25.78
707,Cc1ccc(C)c(S)c1,2.5921400000000006,0.0
708,C=C=CC(C)(C)C=O,1.5526,17.07
709,CC(=O)Nc1cnns1,0.4964999999999999,54.88
710,CC#CN(CC)CC,1.3090000000000002,3.24
711,C=CN1CCOC1=O,0.5821000000000001,29.54
712,COC(=O)n1cccc1,1.1025999999999998,31.23
713,Nc1cncc(N)c1,0.24600000000000033,64.92999999999999
714,Nc1cn[nH]c1,-0.008099999999999885,54.699999999999996
715,CCCCCCCC1OCCO1,2.719800000000001,18.46
716,COc1cccc(CO)c1O,0.8930999999999998,49.69
717,N#CCCC1OCCO1,0.66308,42.25
718,BrC1CCC1,1.9338,0.0
719,C=C(C=O)C(C)C,1.3975,17.07
720,CCCCCCCN=C=S,3.0596000000000014,12.36
721,OCCCCC1CCCCC1,2.729300000000001,20.23
722,OCC1CCCCCC1,1.9491,20.23
723,O=C(O)c1cncnc1,0.1747999999999999,63.08
724,CCCP(=O)(Cl)Cl,3.0671000000000017,17.07
725,CC(C)Cc1ccncc1,2.2801,12.89
726,COc1cccc(CCO)c1,1.23,29.46
727,N#Cc1[nH]cnc1N,-0.1364200000000001,78.49
728,Cc1nnnn1C,-0.48148000000000013,43.6
729,C=C(C)CCOC(C)=O,1.5157,26.3
730,Cc1n[nH]c(C)c1N,0.6087400000000001,54.7
731,C1C2C3C2C2C1C32,1.1281,0.0
732,CC(C)CNC(N)=O,0.31070000000000014,55.12
733,CCP(=O)(CC)CC,2.4092000000000002,17.07
734,CC1CCCNC1,1.0059,12.03
735,FC1(F)CCC1(F)Cl,2.3201,0.0
736,COC(=O)CC(C)Cl,1.1767999999999998,26.3
737,CC(C)N=O,1.1612,29.43
738,CCCCCCCCC(O)CO,2.0902000000000007,40.46
739,O=C(Cl)C(Br)Br,1.8677,17.07
740,CC(CO)(CCl)CCl,1.4626,20.23
741,CN1CCC(Cl)CC1,1.3194,3.24
742,C1CNC2NCCNC2N1,-1.9757999999999978,48.12
743,CC(C)OCCOCCO,0.42029999999999995,38.69
744,OCCSCCCCCCSCCO,1.9978000000000002,40.46
745,CCC1CCC(=O)CC1,2.1557000000000004,17.07
746,OCCCCCCCCCCCCO,2.872000000000002,40.46
747,C1=NCCC1,0.851,12.36
748,CSc1cccs1,2.4700000000000006,0.0
749,CCCCN(CCS)CCCC,2.8184000000000013,3.24
750,Sc1cc(Cl)ccc1Cl,3.2821000000000007,0.0
751,CC(=O)Nc1cccnc1,1.0399999999999998,41.99
752,N#CC(=O)c1cccs1,1.45438,40.86
753,O=C1CCC(=O)N1O,-0.4754,57.61
754,CCC(=O)C(CC)CC,2.401700000000001,17.07
755,Cl.Cl.NCCCCCN,0.9177,52.04
756,Nc1cccc(CO)c1,0.7611000000000001,46.25
757,CCC=CCCCO,1.7250999999999999,20.23
758,Nc1cccc(NC=O)c1,0.8371,55.12
759,CCCCc1cc(C)ccn1,2.7326200000000007,12.89
760,CCOc1ccc(C)cc1N,1.97592,35.25
761,NNC1CCCCC1,0.7823999999999993,38.05
762,Ic1ccc2ccccc2n1,2.8394000000000004,12.89
763,CNOC.Cl,0.18899999999999995,21.259999999999998
764,O=CC1CCCCCCC1,2.5458000000000007,17.07
765,COc1ccc(C)cc1C,2.3120400000000005,9.23
766,NC1CCC(O)CC1,0.24859999999999977,46.25
767,N#Cc1cncc(Cl)n1,1.00168,49.57
768,COc1ccccc1CCl,2.434,9.23
769,CC=CCOC(C)=O,1.1256,26.3
770,CCCCCCCCNCCNCCN,1.4848000000000003,50.08
771,C=C[SiH3],-0.5047,0.0
772,CCCCCCCCCCCCNC,4.126700000000003,12.03
773,O=C(CS)OCCO,-0.5483,46.53
774,C=C(C)c1ccccc1C,3.0281200000000013,0.0
775,COc1ccccc1CCO,1.23,29.46
776,C1CCn2nnnc2C1,0.009399999999999853,43.6
777,CC(=O)CNC(C)=O,-0.2885,46.17
778,F[Zr](F)(F)F,1.6783000000000001,0.0
779,Cl.Cl.O=[U]=O,0.6059999999999999,34.14
780,CC(C)(C)N.Cl,1.1654,26.02
781,NC(=O)N=C1SCCS1,0.9011000000000001,55.45
782,CCCCOCCCO,1.1855,29.46
783,OC1CSC1,0.09410000000000007,20.23
784,C[Si](Cl)(Cl)Br,2.427600000000001,0.0
785,CCOP(=O)(OC)OC,1.4238,44.760000000000005
786,C=C(C)C1=NCCO1,0.9912000000000001,21.59
787,CNc1ccccc1C.Cl,2.4585200000000005,12.03
788,CC(=O)SCC(=O)Cl,1.0314999999999999,34.14
789,CCN1C(=O)COC1=S,0.15000000000000002,29.540000000000003
790,[As]#[Gd],-0.3808,0.0
791,[Cu]=[Te],-0.38330000000000003,0.0
792,S=[Ge]=S,0.9156,0.0
793,[Te]=[Mn]=[Te],-0.7641,0.0
794,O=[Nb]=O,-0.2401,34.14
795,O=[W]=O,-0.2401,34.14
796,[Sr]=[Te],-0.7616,0.0
797,[Cr]=[Se],-0.38330000000000003,0.0
798,[Te]=[W]=[Te],-0.7641,0.0
799,O.O.O.O.[Pt],-3.3013000000000003,126.0
800,[Rb][Te][Rb],-1.1424,0.0
801,[Be]=[Te],-0.7616,0.0
802,[As]#[Sm],-0.3808,0.0
803,[Se]=[Mn]=[Se],-0.7641,0.0
804,CC(=O)SCCCCl,1.895,17.07
805,Cc1cc(Br)sc1Br,3.5815200000000003,0.0
806,CNC(=O)N(C)N=O,-0.06099999999999989,61.77
807,C=COS(=O)(=O)O,-0.05070000000000002,63.60000000000001
808,O=C1CCCc2sccc21,2.2671,17.07
809,IP(I)P(I)I,5.2652,0.0
810,Br[Sc](Br)Br,2.5343,0.0
811,Br[U](Br)(Br)Br,3.3824,0.0
812,Br[Pr](Br)Br,2.5368,0.0
813,Cl[Ta](Cl)Cl,2.066,0.0
814,F.O=[Nb]=O,-0.08760000000000001,34.14
815,C=Cc1cccc[n+]1C,1.1541,3.88
816,F[Nd](F)F,1.2606000000000002,0.0
817,Br[Sm](Br)Br,2.5368,0.0
818,F[Gd](F)F,1.2606000000000002,0.0
819,I[Hf](I)(I)I,3.5403000000000002,0.0
820,I[Sm](I)I,2.6571000000000002,0.0
821,CC(=O)OCC(=O)O,-0.36590000000000017,63.60000000000001
822,C=CCC(C)=O,1.1515,17.07
823,O=[Ti+2],-0.1213,17.07
824,C#CCCCCl,1.6386,0.0
825,CN(C)Cc1ccco1,1.3412000000000002,16.380000000000003
826,Nc1cnc(Cl)nc1N,0.2944000000000002,77.82
827,CCC#CCCCC,2.5900000000000007,0.0
828,OCc1cccc(Br)c1,1.9413999999999998,20.23
829,C=CC1OCC(O)CO1,-0.09380000000000005,38.69
830,N=C(N)SCCCO,-0.004529999999999812,70.10000000000001
831,CCCCCC#CC=CCO,2.1186000000000003,20.23
832,CC1=CCOCC1,1.353,9.23
833,C[Si](C)(Cl)CBr,2.3644,0.0
834,Cn1nc2ccccc2n1,0.9682999999999999,30.71
835,O=C(NCO)OCCO,-1.3453,78.79
836,OCCCC(O)CO,-0.8879000000000004,60.69
837,CCC(CO)OC,0.4037,29.46
838,CCC(C)CCC(C)CC,3.858800000000003,0.0
839,CCCCCCOCC(O)CCl,2.183,29.46
840,CCC1(C)OCCN1CCO,0.4371000000000001,32.7
841,OCCC1CCCN1,0.12079999999999985,32.26
842,Cc1ccc2ccoc2c1,2.741220000000001,13.14
843,CCC[Si](C)(C)Cl,2.840300000000001,0.0
844,OCCOCCN(CCO)CCO,-1.7180999999999986,73.16000000000001
845,CC=C(Br)C(=O)OC,1.4581,26.3
846,CSCCC(O)C#N,0.62398,44.019999999999996
847,ClSC1CCCCC1,3.206100000000001,0.0
848,COCCCCCl,1.6518,9.23
849,C=C[SiH](Cl)Cl,1.4097,0.0
850,CCC#CCC(OCC)OCC,2.189,18.46
851,CCC#CCCCCCCCl,3.589100000000003,0.0
852,Cc1cccc(Cl)n1,2.04342,12.89
853,CCCC=CC=CCO,1.8912,20.23
854,COC1CCC1,1.1853,9.23
855,Cc1ccc(S)cc1C,2.5921400000000006,0.0
856,S=[Hf]=S,1.2939,0.0
857,CC(C)NCCN,-0.056900000000000284,38.05
858,CCCC=CC(C)(C)C,3.3888000000000025,0.0
859,COC(=O)COCO,-0.8742000000000003,55.760000000000005
860,Cc1noc(C)c1CCl,2.03024,26.03
861,O=C(Cl)c1cnccn1,0.8555999999999999,42.85
862,CC(=O)CC(C)(C)S,1.6739,17.07
863,CCCCCCOC(=O)CS,2.0397000000000003,26.3
864,CC(=O)OCCCCCCl,1.9586,26.3
865,CCOC(CNC)OCC,0.6048999999999998,30.49
866,C=C(C)COC(=O)CC,1.5157,26.3
867,CCSCC(C)=O,1.3285,17.07
868,Cln1nnc2ccccc21,1.4332,30.71
869,O=C(O)CC1=CCCC1,1.5714000000000001,37.3
870,O=C(O)Cn1ncnn1,-1.2423000000000002,80.89999999999999
871,CCCCCCC(C)(O)CC,3.1178000000000017,20.23
872,CCC1OCCC(C)O1,1.5479,18.46
873,CNC(=O)CN,-1.3089,55.120000000000005
874,C=C(C)CCCO,1.335,20.23
875,COCN=C(N)NC#N,-1.0243199999999992,83.43
876,Nc1nsc2ccccc12,1.8784999999999998,38.91
877,C[Sn]Cl,0.8925,0.0
878,O=COC1CCCCCCC1,2.2723000000000004,26.3
879,CCCC(=O)NC(N)=O,-0.01859999999999956,72.19
880,CCNCCCCCS,1.696,12.03
881,CCCNCCCN,0.3347999999999999,38.05
882,NCCNCCN1CCNCC1,-1.5600999999999976,53.32
883,N#CCCOCCO,-0.09101999999999993,53.25
884,O=C(CO)CCl,-0.21339999999999998,37.3
885,O=S(=O)(O)CCCCS,0.5842,54.370000000000005
886,COC(=NC#N)OC,0.11627999999999994,54.61
887,CCCCCCCCCC=CCO,3.6756000000000033,20.23
888,CCOC(=O)C(C)SSC,1.9492,26.3
889,O=CN1CCCCCC1,1.0188,20.310000000000002
890,[As]#[In],-0.7616,0.0
891,CCC=CCCC(C)O,2.1136000000000004,20.23
892,OC(CF)CCl,0.5556000000000001,20.23
893,OCC(O)CI,-0.22539999999999977,40.46
894,CC(Br)(CBr)CBr,2.929800000000001,0.0
895,COC(C)C(=O)Cl,0.7867,26.3
896,COCCc1ccc(O)cc1,1.5811,29.46
897,CC=CC=CCCCCCCCO,3.451600000000002,20.23
898,CC(Cl)CN(C)C,1.1753,3.24
899,FC(F)C(F)Cl,1.7859,0.0
900,CCCOC(=O)C(C)O,0.3204000000000001,46.53
901,CC(C)Cc1ccccc1O,2.5907000000000013,20.23
902,O=NN1CCCOC1,0.3476,41.900000000000006
903,C[Hg+].[SH-],0.3112,0.0
904,CCCC1C=CC(=O)O1,1.2681,26.3
905,COCCCCC1CCCCC1,3.3834000000000026,9.23
906,COC(=O)Cc1ccsc1,1.4636,26.3
907,COC(=O)C1CCCN1,-0.08860000000000018,38.33
908,CC1CCC2CCCCC2C1,3.6128000000000027,0.0
909,C=CC(C)CO,0.8008,20.23
910,Cc1ccc(Br)cc1Br,3.5200200000000006,0.0
911,C.CCCCCCCC,4.002900000000003,0.0
912,OCCSCSCCO,0.3949,40.46
913,CCC(C)C1CCCCC1O,2.583600000000001,20.23
914,CC(=O)Nc1nncs1,0.4964999999999998,54.88
915,CCCC=Nc1ccccc1,3.189000000000002,12.36
916,CCCSP(SCCC)SCCC,5.6429000000000045,0.0
917,CC1(C)SCCNC1=O,0.6279999999999999,29.1
918,O=C1CCC(=O)N1CO,-0.9148000000000001,57.61
919,C=CCOC(=O)C(C)O,0.09639999999999999,46.53
920,CCC(Br)C(C)Br,2.9433000000000016,0.0
921,CCN(CC)CC(C)O,0.7089999999999999,23.47
922,CC(O)C(=O)NCCO,-1.5243,69.56
923,CC1SCCNC1=O,0.23789999999999983,29.1
924,OCC1CCC=CO1,0.6714,29.46
925,CCC(=O)C(O)CC,0.7363999999999999,37.3
926,Cc1ccncc1C(N)=O,0.48892,55.98
927,C#CC(O)(C=C)CC,0.9467,20.23
928,CC(CC#N)N1CC1,0.60418,26.799999999999997
929,CC(=O)Cc1ccccn1,1.2131,29.96
930,Cc1ccc(C)n1CCO,1.09724,25.16
931,CSC(=O)N1CCCCC1,1.9553,20.310000000000002
932,ClCCCSCCCCl,2.977400000000001,0.0
933,O=S(=O)(O)CCCCO,-0.3532999999999999,74.60000000000001
934,O=NN1CCCNC1=O,0.08310000000000001,61.77
935,N#CCCn1cccc1,1.4017799999999998,28.72
936,CNC(=O)c1ccncc1,0.4412000000000001,41.99
937,CSc1cccc(Cl)c1,3.0619000000000014,0.0
938,NCC1CC2CCC1C2,1.3813000000000002,26.02
939,C1CCC2CNCCC2C1,1.7861,12.03
940,CC1CNC(=O)N1,-0.31229999999999997,41.13
941,NCC1CCCCO1,0.5141999999999998,35.25
942,O=C1OCC(CO)O1,-0.48590000000000005,55.760000000000005
943,CN1CCCCC1CCO,0.8531,23.47
944,CC(=O)CC1C=CCC1,1.9317,17.07
945,CC(C)COCC1CO1,1.0577999999999999,21.759999999999998
946,CCCCC(F)C(=O)O,1.5993000000000002,37.3
947,CC(C#N)CCl,1.38488,23.79
948,CC(C)C(C)(O)CO,0.3857,40.46
949,C1OC1CC1CO1,0.17409999999999992,25.06
950,CC(=NN)C(C)=NN,-0.3444000000000002,76.75999999999999
951,O=C(O)C(O)CBr,-0.1731999999999999,57.53
952,CNCC=CCNC,-0.018600000000000116,24.06
953,C#CCOCC(O)CO,-1.0106000000000002,49.69
954,CCC#CC=CCCCCCCO,2.898800000000002,20.23
955,CSCCC1OCC(C)O1,1.5009,18.46
956,CCOC(=O)C(C)CBr,1.5805,26.3
957,ClCc1ccccc1I,3.030000000000001,0.0
958,CC(C=O)CCC=O,0.8005,34.14
959,CC(C)=CC(C)=NO,1.8027,32.59
960,CSc1nsc(N)n1,0.8422000000000001,51.8
961,CC(O)CNCCN,-1.0844999999999994,58.28
962,NC(CCCF)C(=O)O,0.14799999999999985,63.32000000000001
963,CC(Cl)C(F)F,1.8788000000000002,0.0
964,C[Sn](Cl)(Cl)Cl,2.2715000000000005,0.0
965,O=C1NC2CCCCC2N1,0.6103999999999998,41.13
966,CC(C)CCCCCCCN,2.941700000000001,26.02
967,CCN=C(N)SCCN,0.012900000000000023,64.39999999999999
968,NOCc1ccccc1,1.0769,35.25
969,CC(C)C=CCC(C)C,3.2447000000000017,0.0
970,NN=Cc1ccccc1O,0.6848000000000001,58.61
971,Nc1ccc(C=NO)cc1,1.0769000000000002,58.61
972,CCC(C)CCCC(C)=O,2.791800000000001,17.07
973,CCCCC(Br)CCC,3.7402000000000033,0.0
974,CCCCC1=CC=CC1,3.0629000000000017,0.0
975,CC(C)C(C)C=O,1.4774,17.07
976,CN1OC1c1ccccc1,1.5621999999999998,15.54
977,CNC(=O)c1nonc1C,-0.2623800000000003,68.02000000000001
978,CN1CCCC(CCl)C1,1.567,3.24
979,Cc1ccc(N)nc1N,0.5544200000000001,64.92999999999999
980,O=P(O)(O)O.OCCO,-1.9576000000000005,118.22000000000001
981,C#CCCC#CCCCC,2.593400000000001,0.0
982,Nc1cccc2c1NCCC2,1.6269,38.05
983,C#Cc1cccc(N)c1,1.2501000000000002,26.02
984,[240Pu],0.0,0.0
985,[147Pm],0.0,0.0
986,[135IH],0.6180000000000001,0.0
987,COCCOC(C)(C)C,1.4479,18.46
988,CCCc1cncc(C)c1,2.3425200000000004,12.89
989,CCCCCCCC(=O)CCO,2.2984000000000004,37.3
990,C=CCOCCCOCCCOC,1.6321999999999999,27.69
991,O=S(=O)(O)CS,-0.23849999999999982,54.370000000000005
992,CC=CCCC(OCC)OCC,2.7418000000000013,18.46
993,CC1CN(C)CCC1=O,0.5270999999999999,20.310000000000002
994,O=C1CCCCCCC1Cl,2.517100000000001,17.07
995,CC(=O)C(=O)[O-],-1.6747000000000003,57.2
996,CCOc1ccc(NO)cc1,1.8863999999999999,41.489999999999995
997,CCCCCCOC(C)OC,2.5757000000000003,18.46
998,CCC1CCC(C)CC1C,3.468700000000003,0.0
999,CCC=CC=CCCCCCCO,3.451600000000002,20.23
1000,CC(C)SSSSC(C)C,4.481000000000003,0.0
1001,CC(CO)n1ccnc1,0.43639999999999995,38.05
1002,Cc1nccn1C(C)CO,0.7448199999999998,38.05
1003,C/C=C/CSC(=N)N,1.18917,49.870000000000005
1004,COCC(CO)(CO)CO,-1.4039,69.92
1005,C=CC=CC=CC=CC=C,3.027000000000002,0.0
1006,CC(=O)CSc1ccco1,1.9607,30.21
1007,OCCOCC1CCCO1,0.17430000000000012,38.69
1008,CC(CN)CN(C)C,0.14280000000000026,29.259999999999998
1009,CC(O)CC(C)(C)C,1.8034,20.23
1010,OC(CS)CCl,0.5159,20.23
1011,CCC(C)N1CCOCC1,1.1171,12.47
1012,CC1CCCC(N)C1,1.5238,26.02
1013,CCOC(C)OCC(C)C,2.0415,18.46
1014,CC(Cl)C(F)(F)Cl,2.4453000000000005,0.0
1015,CCC(C)OCCO,0.7938000000000001,29.46
1016,CC=CCC=O,1.1515,17.07
1017,CC1(CN)CCCO1,0.5142000000000003,35.25
1018,CN1CCCC1O,0.030399999999999927,23.47
1019,O=CCSc1ccco1,1.5706,30.21
1020,CC(CN)=NNC(N)=O,-1.010699999999999,93.5
1021,[Zr]#[Sb],-0.38330000000000003,0.0
1022,C#CC(C)CCl,1.4945,0.0
1023,CC(=O)OCCN,-0.49179999999999996,52.32
1024,C[n+]1ccccc1C#N,0.38277999999999984,27.669999999999998
1025,OCOCCOCCOCCOCO,-1.0475999999999992,77.38000000000001
1026,Brc1cccc2ccoc12,3.1953000000000005,13.14
1027,CN=C(N)SCCN,-0.3771999999999999,64.39999999999999
1028,OC1CCCCCC1O,0.6722999999999999,40.46
1029,CC1CCCC(C)C1=N,2.46227,23.85
1030,CC(=O)CCC(C)O,0.7363999999999999,37.3
1031,[153Sm],0.0,0.0
1032,CC[Sn]CC,1.567,0.0
1033,O=C(O)O.[Fe],0.21989999999999998,57.53
1034,OOC(Cl)(Cl)Cl,1.8037,29.46
1035,[AlH+2],-0.6485000000000001,0.0
1036,NCCSc1ccc(O)cc1,1.443,46.25
1037,CC1(CS)CCO1,1.0952,9.23
1038,O=S(=O)(O)OCCCl,0.04460000000000014,63.60000000000001
1039,CNCCSC(=N)N,-0.16753000000000007,61.900000000000006
1040,Cc1nccn1CCCl.Cl,1.8521199999999998,17.82
1041,CN1CCCC1CN,0.0393,29.259999999999998
1042,O=[N+]([O-])CI,0.6556,43.14
1043,CC(C)(C)P(Cl)Cl,3.5744000000000016,0.0
1044,CC1CCCOC1,1.4329,9.23
1045,N#CCCN1CCCC1,0.99588,27.03
1046,CCOC(=O)SCl,2.0299,26.3
1047,CC1=[N+](C)CCS1,0.7938999999999999,3.01
1048,O=S1(=O)C=CC=C1,0.4422000000000001,34.14
1049,N#CC1CN1,-0.5182200000000001,45.730000000000004
1050,CC(C)COC(C)(C)C,2.4575000000000005,9.23
1051,CCc1ccnc(N)c1,1.2262,38.91
1052,CCCCCCCOC(=O)Cl,3.332200000000002,26.3
1053,CCc1cccc(C=O)c1,2.0615,17.07
1054,CC(C)CN(C)N=O,1.2556,32.67
1055,ClCCCCCCI,3.220600000000002,0.0
1056,OCC[n+]1ccccc1,-0.033600000000000296,24.11
1057,C=CCCCCCCC(C)=O,3.102000000000001,17.07
1058,COCCCCl,1.2617,9.23
1059,NCCSCc1ccco1,1.4715,39.16
1060,C1CCN2CCCCC2C1,2.0248,3.24
1061,O=C1C=C(CCl)CO1,0.7083999999999999,26.3
1062,CCCCC(C)CC=O,2.401700000000001,17.07
1063,O=C=NC(=O)Cl,0.681,46.5
1064,OC1CCCCC2OC2C1,1.0788,32.76
1065,CCCC=C(C)C(=O)O,1.8174000000000001,37.3
1066,CNN(C)c1ccccc1,1.2572,15.27
1067,CN(C)S(=O)(=O)F,-0.2376999999999997,37.38
1068,CCOC(=O)CCCCCCF,2.469500000000001,26.3
1069,CCOC(F)(F)C(F)F,1.8808000000000002,9.23
1070,CC(Cl)(Cl)N=O,1.9041000000000001,29.43
1071,O=Nc1ccc(O)cc1O,1.4957,69.89
1072,CN(C)CCCNN,-0.5985999999999991,41.29
1073,CCCCCCCC1NCCS1,3.009400000000001,12.03
1074,CONCCc1ccccc1,1.3801,21.259999999999998
1075,CN(C)C(CS)CS,0.7761999999999998,3.24
1076,O=C1CCOCC1,0.3659,26.3
1077,CCC1(C)CO1,1.1853,12.53
1078,CCC(C)C(C#N)CC,2.582280000000001,23.79
1079,CCCCCCCCCCC=CCl,5.269700000000005,0.0
1080,c1cnnnc1,-0.12840000000000007,38.67
1081,O=CC1CC1,0.5952999999999999,17.07
1082,CC(C)N=NC(C)C,2.2554000000000007,24.72
1083,CB(C)Br,1.6323999999999999,0.0
1084,CN=C(NC)NC,-0.5890000000000004,36.42
1085,[TeH][TeH],-1.2970000000000002,0.0
1086,[2H]N([2H])[2H],0.16199999999999998,35.0
1087,CCC=NN=CCC,1.863,24.72
1088,CC(N)CC#N,0.24728000000000017,49.81
1089,CC[Hg]C,1.5552,0.0
1090,COC(=O)CC(=O)Cl,0.31489999999999996,43.370000000000005
1091,Cc1c(Cl)cccc1Br,3.410920000000001,0.0
1092,OCC(Br)Br,1.0946,20.23
1093,O=O.[He],0.067,34.14
1094,O=C1OCCCO1,0.5433,35.53
1095,C=C(N)C(=O)O,-0.45659999999999995,63.32000000000001
1096,NCCC(F)(F)CN,-0.07079999999999986,52.04
1097,C=C1OC=CC1=O,0.6131,26.3
1098,CSSc1nnnn1C,0.5801999999999998,43.6
1099,CCC1(CC)NN1,0.6104999999999999,43.88
1100,C[Se+](C)CCO,0.7330999999999999,20.23
1101,CCN(N=O)C(=O)NC,0.3291,61.77
1102,O=C(O)C1=CCCCN1,0.3383000000000001,49.33
1103,COC1CCC(=O)CO1,0.33840000000000003,35.53
1104,NCC[As](=O)(O)O,-1.7008999999999999,83.55000000000001
1105,CC(=O)NCCCNCCCN,-0.5489999999999984,67.15
1106,CC1(N)CCSC1=O,0.3673000000000003,43.09
1107,NCC[Se]c1ccccc1,0.39309999999999956,26.02
1108,CNNC.Cl,-0.2380000000000001,24.06
1109,CC(=O)NOC(C)=O,-0.3994,55.4
1110,C=COP(=O)(O)O,0.2391999999999999,66.76
1111,CCCC(OO)N(C)N=O,1.2154,62.13
1112,ClNCCc1cnc[nH]1,0.6955999999999999,40.71
1113,C1CCC2(C1)CCC2,2.7307000000000015,0.0
1114,C1C2CC3CC1C3C2,2.0524,0.0
1115,c1cnc2cccnc2c1,1.6298000000000001,25.78
1116,C1CC2CCC1OO2,1.2593999999999999,18.46
1117,C1CCC2OOC(C1)O2,1.191,27.69
1118,c1cc[se]c1,0.7435999999999999,0.0
1119,C1=C[Se]C=CS1,1.3798,0.0
1120,FB(F)c1ccccc1,1.3208,0.0
1121,c1cn2ncnc2cn1,0.12429999999999986,43.08
1122,FC(F)(F)[Hg]I,1.9386999999999999,0.0
1123,CCB(F)F,1.4335,0.0
1124,CCOc1ccccc1F,2.2244,9.23
1125,CCOc1cccc(F)c1,2.2244,9.23
1126,FP(F)N=C=S,2.2551,12.36
1127,O=C1CCCCCCO1,1.4937,26.3
1128,CC(N)C(C)N,-0.3192000000000001,52.04
1129,CCCc1ccc(Br)cc1,3.401600000000002,0.0
1130,CCCC(C)(O)CCC,2.3376,20.23
1131,CCOc1ccccc1C,2.39372,9.23
1132,COCCC(C)C,1.6789,9.23
1133,CCP(N(C)C)N(C)C,1.4414,6.48
1134,CCCC=CCCCCCC,4.313100000000003,0.0
1135,CC1(C)C=CCCC1,2.752700000000001,0.0
1136,C1=CCC=CCC=CC1,2.8389000000000006,0.0
1137,COc1ccccc1N(C)C,1.7611999999999999,12.47
1138,C[Ge](F)(F)F,1.4636,0.0
1139,C=COCCOC=C,1.3066,18.46
1140,CCCC=CC(N)=O,0.8280000000000001,43.09
1141,C=CC=CC(C)C=C,2.550700000000001,0.0
1142,CCCCSC(C)=O,2.0662000000000003,17.07
1143,BrC#Cc1ccccc1,2.3905000000000003,0.0
1144,C=CC=CCC=C,2.3047000000000004,0.0
1145,CC#CC#CC#CC,1.0364,0.0
1146,CC(=O)NC(C)C,0.5309000000000001,29.1
1147,S=c1ccscc1,2.47759,0.0
1148,CC=C1CCCCC1=O,2.0758,17.07
1149,CN=Cc1ccccc1OC,1.7439,21.59
1150,[O-][n+]1ccccn1,-0.2849999999999999,39.83
1151,S=C=NCCBr,1.4841,12.36
1152,BrC1C=CCCC1,2.49,0.0
1153,COC(C)Cl,1.2176,9.23
1154,O=C=Nc1ccccc1Br,2.4164000000000003,29.43
1155,C#CC#CSCC,1.3336000000000001,0.0
1156,F[C](Cl)Cl,1.88049,0.0
1157,C[Ge]1(C)CC=CC1,2.2646000000000006,0.0
1158,CB(C)Cl,1.4763,0.0
1159,CC1CCCCC(=O)N1,1.0651,29.1
1160,CC(C)c1ccccc1F,2.9491000000000014,0.0
1161,CCC(C)(C)C=O,1.6215,17.07
1162,ClCP(Cl)Cl,2.9722,0.0
1163,CO[SiH3],-1.0868000000000002,9.23
1164,CCCC(O)(CCC)CCC,3.1178000000000017,20.23
1165,CC1CCNC(=O)CC1,0.9225999999999999,29.1
1166,O=C=C=C=S,0.1279,17.07
1167,CSc1cccc(SC)c1,3.1304000000000016,0.0
1168,CCCC(=O)OCC1CO1,0.7285,38.83
1169,[CH2]CCC,1.62059,0.0
1170,BrCC1CCCCC1,2.9616000000000016,0.0
1171,C#CCN(C)CC#C,0.1846000000000001,3.24
1172,O=[C]Cl,0.2924,17.07
1173,[2H]C=C,0.8022,0.0
1174,CCCCNC(=O)CCCC,2.0929,29.1
1175,Fc1cc(F)ncn1,0.7548000000000001,25.78
1176,CC#CC#CC,1.033,0.0
1177,O=C1CCC2CCCCC12,2.1557000000000004,17.07
1178,C=C=C=C,1.1124,0.0
1179,[CH]=C=C,0.76049,0.0
1180,N#CC1=CCCC1,1.62028,23.79
1181,[CH]1CCCCC1,2.15479,0.0
1182,[CH2]C(F)(F)F,1.38279,0.0
1183,CCCCC1=CCCCC1,3.6770000000000023,0.0
1184,C1CC2CCC1N=N2,1.7633999999999999,24.72
1185,O=C1C=CCS1,0.816,17.07
1186,CC[As](Br)CC,2.4126000000000003,0.0
1187,C#CC=CSC,1.4963,0.0
1188,CC[Sn](C)(C)C,2.3445,0.0
1189,Cc1cncs1,1.45152,12.89
1190,CC=CC=NCC,1.6532,12.36
1191,[CH2]C(C)(C)C,1.86659,0.0
1192,CC1(C)CS1,1.5118,0.0
1193,[CH]1CCCC1,1.7646899999999999,0.0
1194,CC1(C)CCNCC1,1.396,12.03
1195,CC=CCSC,1.9255,0.0
1196,ICCCc1ccccc1,3.0542000000000016,0.0
1197,C#COc1ccccc1,1.6561000000000001,9.23
1198,C=C(O)c1ccccc1,2.2153,20.23
1199,N#CC1CCNCC1,0.5095799999999999,35.82
1200,C=C(C)N,0.4787,26.02
1201,C#CC#CCC,1.033,0.0
1202,CCCCOc1ccccc1N,2.4477,35.25
1203,O=C1C=CC(=O)CC1,0.4745999999999999,34.14
1204,[CH2]C(C)C,1.4764899999999999,0.0
1205,CC(C)=C1CC1,2.1166,0.0
1206,CCCC1CCC1,2.5866000000000007,0.0
1207,CN1CCC1,0.32189999999999996,3.24
1208,[S]c1ccccc1,2.2429999999999994,0.0
1209,CCB(Cl)CC,2.2565,0.0
1210,CCCCc1ccncc1,2.424200000000001,12.89
1211,CCC(N)CCC(=O)O,0.5884999999999998,63.32000000000001
1212,CC1CC(=O)NC1=O,-0.3310000000000001,46.17
1213,C1CCOOC1,0.7284,18.46
1214,CP(=S)(Br)Br,2.7155000000000005,0.0
1215,CC(=O)C(C)(C)Cl,1.5928,17.07
1216,S=C=NCCCl,1.3279999999999998,12.36
1217,CC#CCN(CC)CC,1.3515000000000001,3.24
1218,B1NBNBN1,-3.4317000000000006,36.089999999999996
1219,Cn1ccn(C)c1=S,1.09309,9.86
1220,CP(C)(=S)Br,2.0354,0.0
1221,CC(C)C(C)C1CC1,2.6885000000000012,0.0
1222,CC=NC(C)(C)C,1.8756000000000002,12.36
1223,C1=CC2CCCC1CC2,2.752700000000001,0.0
1224,C1=CC2C=CC1CCC2,2.5287000000000006,0.0
1225,CC1C=CC(=O)S1,1.2045,17.07
1226,CCN(CC)CC(N)=O,-0.1865,46.33
1227,NC1c2ccccc2CC1O,0.6034000000000002,46.25
1228,CC12CCC(CC1)C2,2.5866000000000007,0.0
1229,C=C=CC=C,1.5135,0.0
1230,[SiH2]=C=[SiH2],-2.1107,0.0
1231,C[Sb](C)(C)(I)I,3.142000000000002,0.0
1232,CSc1ccco1,2.0015,13.14
1233,C1=CCCCCCCCCC1,4.067100000000003,0.0
1234,C=C1CC=CCC1,2.2827,0.0
1235,CC(C)(CO)CCCN,0.7438000000000002,46.25
1236,Cl.Cl.O=[Mo]=O,0.6034999999999999,34.14
1237,C=CP(CCCC)CCCC,4.212000000000003,0.0
1238,ClB(Cl)Br,1.8437999999999999,0.0
1239,Br[U]Br,1.6912,0.0
1240,F.F.O=[Mo]=O,0.06490000000000007,34.14
1241,F[Pu](F)F,1.2606000000000002,0.0
1242,O=C1OCCC1S,0.23169999999999996,26.3
1243,O=C1C2CCCCC1CC2,2.1557000000000004,17.07
1244,Cc1ccnc(C)n1,1.09344,25.78
1245,C=CCC1C=CCC1,2.5287000000000006,0.0
1246,F[Si](Cl)(Cl)Cl,2.1079,0.0
1247,Cl[Th](Cl)Cl,2.0685000000000002,0.0
1248,CC=CC=CC=CC,2.6948000000000008,0.0
1249,CCCCCC1=CCCCC1,4.067100000000003,0.0
1250,COC1CC=CCC1,1.7415,9.23
1251,C=CP(=S)(Cl)Cl,2.9170000000000007,0.0
1252,C=CCS(C)(=O)=O,0.21700000000000008,34.14
1253,C=CSCCC,2.2731000000000003,0.0
1254,CC=C=CCCCC,2.9078000000000017,0.0
1255,CC=C1C=CCCC1,2.6728000000000014,0.0
1256,Cn1cnnc1Br,0.5775999999999998,30.71
1257,Cc1ccccc1CN=C=S,2.5978200000000014,12.36
1258,COC1(OC)CC=CCC1,1.7156,18.46
1259,C=CCC(O)C(=C)C,1.4994999999999998,20.23
1260,FC1CCCCC1Br,2.662000000000001,0.0
1261,Clc1cscc1Cl,3.0549,0.0
1262,CSP(=O)(Cl)Cl,2.9351000000000003,17.07
1263,CNc1cccnc1,1.1232999999999997,24.92
1264,CN(C)C1CCCC1,1.4906,3.24
1265,CC#CC1CCCCC1,2.5900000000000007,0.0
1266,CN=C(SC)SC,1.6982000000000002,12.36
1267,C=C=CC(=O)OC,0.5005,26.3
1268,Clc1cccc(Cl)c1I,3.5980000000000008,0.0
1269,N#C[AlH2],-0.8994200000000001,23.79
1270,CC1CCC(C)(O)C1,1.5574,20.23
1271,CCC=NNCCC,1.3818,24.39
1272,CC=C(C)C(C)(C)O,1.7235,20.23
1273,COCN=C=S,0.6931,21.59
1274,CCCCc1cccc(F)c1,3.168300000000002,0.0
1275,CCCCC(C)C(=O)CC,2.791800000000001,17.07
1276,CC#CC(C)C,1.6657,0.0
1277,C1CC12CCC21CC1,2.3406000000000002,0.0
1278,CCCCCC(C)N=C=S,3.0580000000000016,12.36
1279,CCN(CC)N(C)C,0.8048,6.48
1280,CCCC(C)(C)C(C)O,2.1935000000000007,20.23
1281,CC1CC(C)SCO1,1.8743999999999998,9.23
1282,CC[CH]CC,2.01069,0.0
1283,C[C](F)F,1.43479,0.0
1284,CC1(C)CN=S=N1,1.2284,24.72
1285,CCS(=O)C(C)(C)C,1.5535,17.07
1286,CCCCC=CCCCCCCC,5.093300000000005,0.0
1287,CCOC(OCC)SCC,2.0961,18.46
1288,CN1CCCCN1C,0.5588,6.48
1289,CC1=C(C)C1(C)C,2.3626000000000005,0.0
1290,CCCCCC#CCCCCl,3.589100000000003,0.0
1291,C1CC1=C1CC1,1.8706,0.0
1292,[2H]C([2H])C,1.0262,0.0
1293,C[Hg]C(C)C,1.9452999999999998,0.0
1294,CCC(C)CI,2.4675000000000002,0.0
1295,COc1ccccc1C=NO,1.5032999999999999,41.82
1296,CC(=CCCl)CCl,2.4103000000000003,0.0
1297,COB(Br)OC,0.659,18.46
1298,CN=C(NC)N(C)C,-0.24680000000000013,27.630000000000003
1299,CCCC(I)CCC,3.390200000000002,0.0
1300,C=CCC#CCCCC,2.756100000000001,0.0
1301,CCCCOCC1CS1,1.9185,9.23
1302,CSc1ncccc1O,1.5091,33.120000000000005
1303,C=c1ccccc1=C,0.5072,0.0
1304,C=CCC(O)C(C)C,1.5794,20.23
1305,F[CH]Cl,1.31399,0.0
1306,Cc1ccccc1OC(C)C,2.7822200000000015,9.23
1307,CN1C=CCC=C1,1.3493,3.24
1308,C#COC=C,0.7372,9.23
1309,Fc1cncc(F)n1,0.7547999999999999,25.78
1310,COCC(OC)(OC)OC,0.2258,36.92
1311,F[Si]1(F)CC=CC1,1.9374,0.0
1312,CC#CCC(=O)O,0.4844,37.3
1313,CCCCCC1C=CCC1,3.5329000000000024,0.0
1314,C=CCN1CCNC1=O,0.19760000000000005,32.34
1315,COc1ccc(Br)cc1O,2.163300000000001,29.46
1316,F.F.O=[Al],-0.1946,17.07
1317,COc1ncc(Cl)cn1,1.1385999999999998,35.010000000000005
1318,CC=C1CCCO1,1.7006,9.23
1319,FC(F)(F)C#CI,1.9445999999999999,0.0
1320,I.O=[Re](=O)=O,0.25910000000000005,51.21
1321,CCCC[C](C)C,2.790890000000001,0.0
1322,COn1ccccc1=O,-0.09330000000000005,31.23
1323,C=C1C2CCCCC1CC2,3.142800000000002,0.0
1324,C1=CC2CC=CC2C1,2.1386000000000003,0.0
1325,F[W](F)(F)(F)=S,2.3265000000000002,0.0
1326,CN=P(C)(C)C,1.7067999999999999,12.36
1327,CC1CCC2CCCCC2S1,3.4607000000000028,0.0
1328,CCn1ncc2ccccc21,2.0562,17.82
1329,COc1ccc(C)cc1I,2.608220000000001,9.23
1330,CCCCCCCC(=O)C=O,2.1149,34.14
1331,C1C2C1C1C3C2C13,1.1281,0.0
1332,C=C(SC)SC,2.1836,0.0
1333,C=C=C(C)C1CC1,2.1276,0.0
1334,C=C(C)CCCC(=C)C,3.308900000000002,0.0
1335,C1=CC2CCCCC1N2,1.4569999999999999,12.03
1336,[Mo]=[Mo],-0.005,0.0
1337,N=c1ccc(Cl)cn1O,0.8582700000000001,49.010000000000005
1338,C=C(C)CSC,1.9255,0.0
1339,C=C=CC=O,0.5264,17.07
1340,C1#CCSCC#CCSC1,1.4732,0.0
1341,C=CC(C)C(=O)O,0.8931,37.3
1342,CC(COC=O)OC=O,-0.2791000000000001,52.6
1343,CC(C)CCS(C)=O,1.411,17.07
1344,CCSCCOC,1.3859,9.23
1345,Cc1nnc(Br)n1C,0.8860199999999999,30.71
1346,CC#CCC(C)(C)C,2.445900000000001,0.0
1347,COCC(C)(C)CO,0.6513,29.46
1348,O=S=N[SiH3],-1.3366,29.43
1349,CCCC#CCC(C)O,1.5608,20.23
1350,COc1sc(C)cc1C,2.37354,9.23
1351,CB1NB(C)N(C)S1,0.4055999999999997,15.27
1352,COc1ccc(OC)s1,1.7652999999999999,18.46
1353,CCCn1cnnc1N,0.2702999999999999,56.730000000000004
1354,CSC#CSC,1.6307999999999998,0.0
1355,CCC(C)C(C)(C)Cl,3.049900000000002,0.0
1356,BrN1CCCCC1,1.7822,3.24
1357,CCC#CCCCCCCCCC,4.540500000000004,0.0
1358,C=C=C=O,0.15909999999999996,17.07
1359,CC=COC=CCC,2.4603,9.23
1360,CC12C3C=CCC1C32,1.8284,0.0
1361,C=c1oc(=O)oc1=C,-0.9465999999999999,43.35
1362,Cn1cc(Cl)cnc1=O,0.4337,34.89
1363,CC(=O)C=C(C)S,1.409,17.07
1364,C=S(F)(F)(F)F,2.2967000000000004,0.0
1365,C1CC2OOC1C21CC1,1.2593999999999999,18.46
1366,C=C1CC2C=CC12,1.7485,0.0
1367,C=CCN=CC(C)(C)C,2.2893,12.36
1368,CN(C)N1CCCCCCC1,1.7290999999999999,6.48
1369,N#Cc1cccc(I)c1,2.1628800000000004,23.79
1370,C[Se]c1ccccc1N,0.6464,26.02
1371,COCCc1ccncc1,1.2705,22.12
1372,C1=CC12CCC2,1.7265,0.0
1373,C[Se][As](C)C,0.9897999999999999,0.0
1374,O=NC(Cl)(Br)Br,2.3927,29.43
1375,[SiH3]c1ccco1,-0.7297,13.14
1376,CCOc1ccccc1CC#N,2.1513799999999996,33.019999999999996
1377,C1=CCC2CSCC2C1,2.3156,0.0
1378,COC(CCl)(OC)OC,0.8182,27.69
1379,C=C1CC2CC=CC12,2.1386000000000003,0.0
1380,Cc1cc(C)nnn1,0.48843999999999993,38.67
1381,CC1(C#N)CC1,1.3100800000000001,23.79
1382,BrC1C2CCCC1OO2,1.6328,18.46
1383,CCC=CC(=O)OCCCC,2.2959000000000005,26.3
1384,CCC=C(C)C(O)CC,2.1136,20.23
1385,CCCC=CN=NCC,2.7723000000000013,24.72
1386,CSc1ccn(C)n1,1.1420000000000001,17.82
1387,C=CC(O)C1CCCC1,1.7235,20.23
1388,C#CC1(C=C)CC1,1.5857999999999999,0.0
1389,C=C(CC)SCC,2.6632000000000007,0.0
1390,C=C=C(CCC)OC=C,2.615400000000001,9.23
1391,CC(C)N1NC1(C)C,0.9510999999999998,24.950000000000003
1392,ClC(Cl)C1CO1,1.1888999999999998,12.53
1393,[CH2]Cc1ccccc1,2.06319,0.0
1394,NCCC(F)CN,-0.36800000000000005,52.04
1395,CCN(N=O)C(=N)N,-0.11682999999999988,82.54
1396,CC(C)C#CO,0.9758,20.23
1397,Nc1ncc(N)c(N)n1,-0.7767999999999999,103.83999999999999
1398,ClC(CBr)CBr,2.3836000000000004,0.0
1399,NC[C@H](O)CCl,-0.45520000000000005,46.25
1400,NC[C@@H](O)CCl,-0.45520000000000005,46.25
1401,CCC(C)N(COC)N=O,1.3722,41.9
1402,CC(CCl)SC(C)CCl,2.9742000000000015,0.0
1403,CC(CO)N(CCO)N=O,-0.6571,73.13
1404,CC=CC=CC=COC,2.2788000000000004,9.23
1405,O=CC(Cl)=CCl,1.5043,17.07
1406,O=C(CO)CF,-0.4826999999999999,37.3
1407,CC(I)C(=O)O,0.8945000000000001,37.3
1408,NCCCC(=S)S,0.9825000000000004,26.02
1409,CC1=CC1,1.3364,0.0
1410,O=C(O)C(=O)CCl,-0.12110000000000004,54.37
1411,N=C(N)N(N)N,-2.07073,105.15
1412,C=C(N)CC(=O)O,-0.06650000000000006,63.32000000000001
1413,CCCC(O)CC(=O)O,0.6221,57.53
1414,C=C(Cl)CNC,0.9582999999999999,12.03
1415,Oc1ccc2ncsc2c1,2.0019,33.120000000000005
1416,CCNS(=O)(=O)OC,-0.5129000000000001,55.400000000000006
1417,CCCCC(S)CN,1.4337,26.02
1418,CC(CS)C(=O)O,0.6369,37.3
1419,COCN(CC(C)C)N=O,1.2297,41.9
1420,O.OCC(O)CO,-2.4927999999999995,92.19000000000001
1421,C#CCC(CC)C(=O)O,1.1205,37.3
1422,CN1CCN=N1,0.29899999999999993,27.96
1423,C=C(C)C1CO1,0.9613,12.53
1424,CNC.ClCC1CO1,0.4595999999999998,24.56
1425,C=CCC1CC(=O)N1,0.4509999999999999,29.1
1426,NCCCc1ccccc1N,1.1601000000000001,52.04
1427,[85Sr+2],-0.3808,0.0
1428,CCCC=Cc1ccco1,3.092900000000001,13.14
1429,CCCC=CC=CC(=O)O,1.9835,37.3
1430,CCC=CCC=CCO,1.8912,20.23
1431,[Cr].[Cu].[O-2],-0.12380000000000001,28.5
1432,C=C.FC(F)=C(F)F,2.7932000000000006,0.0
1433,NCCOCCOCCOCCO,-1.0127999999999988,73.94000000000001
1434,CC(=O)OC1CO1,-0.09420000000000006,38.83
1435,C1CC2(CCO1)CO2,0.5658,21.759999999999998
1436,CC(O)C(C)C(=O)O,0.08790000000000003,57.53
1437,ON=c1ccn(O)cc1,0.015300000000000147,57.75
1438,O=C(O)CSCCO,-0.20349999999999996,57.53
1439,[191Os],-0.0025,0.0
1440,[187Re],-0.0025,0.0
1441,[143Pr],0.0,0.0
1442,[149Pm],0.0,0.0
1443,C=CCC.O=S=O,0.9122000000000001,34.14
1444,C[As](O)O,-0.911,40.46
1445,Cc1nn(C)c(C)c1N,0.6191399999999999,43.84
1446,NNCCc1ccccc1Br,1.4548999999999994,38.05
1447,CC(=O)c1scnc1C,1.65412,29.96
1448,CP(=O)(CN)CN,-0.18830000000000002,69.11
1449,FC1(F)CCCCC1,2.5858000000000008,0.0
1450,FCC(F)C(F)(F)F,1.8562999999999998,0.0
1451,CC(=O)C=CO,0.6471,37.3
1452,[Cu+2].[O-2],-0.1213,28.5
1453,CCN(CC)CN1CC1,0.6013,6.25
1454,SSCc1ccccc1,2.7646000000000006,0.0
1455,NN(CCCl)CCCl,0.6396999999999999,29.259999999999998
1456,CCN(N=O)C(=O)OC,0.7561,58.97
1457,[Cu+2].[S-2],-0.0049,0.0
1458,ON=[SiH2],-0.8077000000000001,32.59
1459,[O-][I+]O,-4.742,43.29
1460,O=[SiH]O,-1.3243,37.3
1461,[193Au],-0.0025,0.0
1462,[177Hf],-0.0025,0.0
1463,[142Pr],0.0,0.0
1464,[108Ag],-0.0025,0.0
1465,[134IH],0.6180000000000001,0.0
1466,[240Am],0.0,0.0
1467,[Cl-].[Tl+],-3.3768000000000002,0.0
1468,[240Cm],0.0,0.0
1469,[244Am],0.0,0.0
1470,[247Cm],0.0,0.0
1471,[115Ag],-0.0025,0.0
1472,[166Dy],0.0,0.0
1473,C1CNCCN1.O,-1.6454999999999993,55.56
1474,SCCN1CC1,0.2318,3.01
1475,NCCOP(O)(O)=S,-0.8292000000000002,75.71000000000001
1476,Cl[Ni-](Cl)Cl,2.066,0.0
1477,C1CO1.C1OCOCO1,-0.06109999999999993,40.22
1478,C=O.Cc1ccccc1,1.81012,17.07
1479,C=CCOCCOC(C)=O,0.7521,35.53
1480,[182Hf],-0.0025,0.0
1481,[258Md],0.0,0.0
1482,CCC1(C)CCOC1=O,1.3496,26.3
1483,CC1Cc2ccccc2N1N,1.3113000000000001,29.259999999999998
1484,[Ce+3].[OH-],-0.1768,30.0
1485,C=CCc1ccccc1S,2.7038000000000015,0.0
1486,COC(=O)CSCCN,-0.14869999999999994,52.32
1487,C=C(C)COC(=O)Cl,1.9379,26.3
1488,CC(N)CN1CCOCC1,-0.33419999999999983,38.489999999999995
1489,C=CC(O)CCCCCCC,2.8938000000000015,20.23
1490,[Cl-].[Hg+],-2.9985,0.0
1491,[Ni].[O-2].[V],-0.12380000000000001,28.5
1492,CC=CSSC=CC,3.4350000000000023,0.0
1493,CN(C)C(=O)NN=O,-0.06099999999999989,61.77
1494,CC1(N)CC=CC=C1O,1.1056000000000001,46.25
1495,CCCC(O)C(C)CO,0.7758,40.46
1496,[CH2]CCCCC(C)C,3.0368900000000014,0.0
1497,OC=C(O)O,0.4592999999999999,60.69
1498,OCCNCCO.S,-1.3266,52.489999999999995
1499,CSSc1ccccn1,2.4516999999999998,12.89
1500,CCCCNC(C)CO,0.7568999999999999,32.26
1501,CCC(CC)CN(C)C,1.9842,3.24
1502,OC(O)CCOCCC(O)O,-1.5953999999999997,90.15
1503,OC/C=C/CO,-0.47280000000000005,40.46
1504,OCCCOCCOCCCO,-0.21560000000000018,58.92
1505,CCC[n+]1ccccc1,1.3841,3.88
1506,[147Tb],0.0,0.0
1507,CC(=O)ON,-0.5768,52.32
1508,CCCc1cccc(CC)c1,3.201500000000002,0.0
1509,[182Re],-0.0025,0.0
1510,C[Ge](C)C,1.3705999999999998,0.0
1511,[167Tm],0.0,0.0
1512,[160Gd],0.0,0.0
1513,[150Sm],0.0,0.0
1514,[141Pm],0.0,0.0
1515,[193Hg],-0.0025,0.0
1516,[146Nd],0.0,0.0
1517,[151Nd],0.0,0.0
1518,[185Ta],-0.0025,0.0
1519,[101Pd],-0.0025,0.0
1520,[189Re],-0.0025,0.0
1521,[162Tm],0.0,0.0
1522,[Cr+3].[OH-],-0.17930000000000001,30.0
1523,[165Er],0.0,0.0
1524,[147Eu],0.0,0.0
1525,[106Ag],-0.0025,0.0
1526,CCC(N)P(=O)(O)O,-0.1411,83.55000000000001
1527,[O]C(F)C(F)(F)F,1.2748000000000002,19.9
1528,Br[Hg-](Br)Br,2.5343,0.0
1529,C=CC=CC(C)OCC,2.1536,9.23
1530,[110Ag+],-0.0025,0.0
1531,CC(O)=CCC(=O)O,0.9229,57.53
1532,O=NNc1ccccc1,1.7799,41.46
1533,CCNC(=O)SCC,1.469,29.1
1534,CCCC(CC)CCO,2.1951000000000005,20.23
1535,Cc1ccc(F)c(O)c1,1.83972,20.23
1536,O=C1CC(CO)NC1CO,-1.7293999999999994,69.56
1537,CCS(=O)(=O)CCSC,0.7841000000000001,34.14
1538,CCC(C)C(=O)C=O,0.8005,34.14
1539,C=CCCCCN=C=S,2.445500000000001,12.36
1540,CN(Br)CCO,0.22040000000000004,23.47
1541,CNC(=O)C(=O)O,-1.183,66.4
1542,[227Pa],0.0,0.0
1543,CCOP(=O)(O)SCC,1.8764,46.53
1544,CNC(=O)C(C)=O,-0.6786000000000003,46.17
1545,CCCc1ccccc1CCC,3.5916000000000023,0.0
1546,CCCCCN(C)CCCCC,3.298600000000002,3.24
1547,Cc1ccccc1C(O)CO,1.0207199999999998,40.46
1548,C=COCCSCCCl,2.1185,9.23
1549,CS(=O)c1ccccn1,0.819,29.96
1550,FC1(Cl)CO1,0.8787,12.53
1551,NCC1CCN1,-0.6930000000000003,38.05
1552,NCCC[Se]CCN,-0.16529999999999967,52.04
1553,CCC1(Br)CCNC1=O,1.0499999999999998,29.1
1554,C1=NCNN1,-0.9200000000000002,36.42
1555,CC(=O)C1=CCCC1,1.6857,17.07
1556,CC(=S)SCC(=O)O,1.1514999999999997,37.3
1557,I[Hg-](I)I,2.6546000000000003,0.0
1558,Nc1ncncc1CO,-0.4489,72.03
1559,CC1=NCC(=O)O1,-0.03839999999999999,38.66
1560,CC(N)B(O)O,-1.6543999999999999,66.48
1561,N#N.O=C=O.O=O,-0.48634,115.85999999999999
1562,FP(F)(=S)Cl,2.3887,0.0
1563,CSC(=N)N.I,0.86087,49.870000000000005
1564,N#CN=C(N)N=C=N,-0.4651499999999999,98.38
1565,C1COCCN1.Cl,0.027999999999999914,21.259999999999998
1566,CN(C)C=CCN(C)C,0.6233,6.48
1567,Nc1cccc2cnsc12,1.8785,38.91
1568,NC(=O)OC1CCCC1,1.0243000000000002,52.32000000000001
1569,C=C(CO)C(=O)O,-0.3804999999999999,57.53
1570,ON=C1CCCC2CC12,1.6366,32.59
1571,N#CSc1ccccc1Cl,2.9131800000000005,23.79
1572,CC(C)C(CO)CO,0.24319999999999992,40.46
1573,ClCCOP1OCCO1,1.5154999999999998,27.69
1574,C#CC1(Cl)CCCCC1,2.561300000000001,0.0
1575,OCc1cnccn1,-0.031100000000000128,46.010000000000005
1576,O=[Sb][O-],-1.6886,40.129999999999995
1577,CC(C)COCCS,1.5888,9.23
1578,CCCCN(CC)C(C)=O,1.6549,20.310000000000002
1579,CCCN(CC)CCCl,1.9571,3.24
1580,NC(=O)Nc1ccncc1,0.5722000000000003,68.01
1581,Cc1ncsc1CCCCCl,3.013020000000002,12.89
1582,NC(CCO)c1ccccc1,1.0688,46.25
1583,C1OC1CSCC1CO1,0.5172,25.06
1584,Cc1ncsc1CCBr,2.3889200000000006,12.89
1585,NC(=O)NCCCO,-0.9628999999999999,75.35000000000001
1586,C[Si](C)(C)CCS,2.254400000000001,0.0
1587,C=CC=CC=CCCCC,3.4750000000000023,0.0
1588,Nc1cccc(Cl)n1,1.3172,38.91
1589,CC(C)Cc1cscn1,2.3416000000000006,12.89
1590,CCCc1nc[nH]c1C,1.67062,28.68
1591,Cl.NNC1CCCCC1,1.2042,38.05
1592,FC(F)(F)C1NCCO1,0.4945999999999998,21.259999999999998
1593,CC1CNCCN1SC=S,0.8855,15.27
1594,CC(C)N(N)CCC#N,0.48417999999999994,53.05
1595,CC[S+](C)CC,1.2743,0.0
1596,CCCC(O)CCO,0.5298,40.46
1597,NCCOCNc1ccccc1,1.0312999999999997,47.28
1598,CCOC(=O)C(C)NN,-0.5986999999999998,64.35
1599,CCP(N)(=O)SC,1.5211,43.09
1600,CCN1CCSC1=N,0.98987,27.090000000000003
1601,CCCNC(=O)NC,0.3254,41.13
1602,ClCc1cnc[nH]1,1.1485,28.68
1603,Cl.OCCN1CCOCC1,-0.2673000000000001,32.7
1604,CCCCCCC1CCCCN1,3.0989000000000013,12.03
1605,ClCCOCC1CO1,0.6406,21.759999999999998
1606,CC(C)(C)COC=O,1.2055,26.3
1607,CCC(C=NO)CC,1.8825999999999998,32.59
1608,CC=C(Cl)C(=O)O,1.2136,37.3
1609,COC(=O)CCSCCO,0.27499999999999986,46.53
1610,C=CCOC(=O)OCCO,0.3179,55.760000000000005
1611,CCC(O)C(C)C=O,0.5923,37.3
1612,N#CCCCCOCCCCC#N,2.39076,56.809999999999995
1613,Nc1ccc2ccsc2c1,2.4835000000000003,26.02
1614,CCCn1nnnc1N,-0.33470000000000016,69.62
1615,N#CCCCO,0.28248,44.019999999999996
1616,N#CC1CCCCO1,1.07908,33.019999999999996
1617,CCOC(C)C=O,0.6103000000000001,26.3
1618,CCCCCCCCNC=O,2.0929,29.1
1619,COCC(=O)CC(C)=O,0.18100000000000027,43.370000000000005
1620,O=C(CCl)OCCBr,1.1633000000000002,26.3
1621,CCCCCCNC1C=CCC1,2.874900000000001,12.03
1622,NNC(=O)C(=O)O,-1.9391000000000003,92.42
1623,NC(=O)c1cccnn1,-0.4245000000000001,68.87
1624,CCC(O)CC(CC)CO,1.1659,40.46
1625,CC1OCNC1=O,-0.5212000000000001,38.33
1626,CC(C)n1nnnc1N,-0.16380000000000006,69.62
1627,OCCOC1CCCCC1,1.328,29.46
1628,CCCCOC(CBr)CBr,2.961500000000002,9.23
1629,NC(=O)C1=CCCC1,0.5820000000000001,43.09
1630,O=[As]c1ccccc1O,0.06719999999999998,37.3
1631,O=C(O)CNCCO,-1.3470999999999997,69.56
1632,CC(C)(C)SCCC=O,2.1071,17.07
1633,CCC(O)C(C)(C)N,0.49460000000000004,46.25
1634,CCSC1CCCC1O,1.6529,20.23
1635,OCCCc1ccco1,1.2045,33.370000000000005
1636,C=CCOC(=O)C=CC,1.2917,26.3
1637,BrCCC1CCCCCC1,3.741800000000003,0.0
1638,CN(C)COC(=S)S,0.7367999999999999,12.47
1639,CCCCC(F)(F)F,2.738900000000001,0.0
1640,OC1CCCC2CCCC12,1.9475,20.23
1641,CCC1CCCC(O)C1,1.9475,20.23
1642,CCC1C(=O)COC1=O,0.13850000000000007,43.370000000000005
1643,COC(CC(C)=O)OC,0.5844,35.53
1644,CCCC(=O)c1ccco1,2.2624000000000004,30.21
1645,OC1C2CC3C1C3C2O,-0.39610000000000006,40.46
1646,CCSS(=O)(=O)CC,1.0892,34.14
1647,CC1CCCC1C(=O)O,1.5072,37.3
1648,CCOC(=O)CC(O)CF,0.2700000000000002,46.53
1649,CCCCOC(=O)NCCCl,1.7515,38.33
1650,Nc1cccnn1,0.05880000000000002,51.8
1651,O=C(O)CC(Br)Br,1.5770000000000002,37.3
1652,CCCCN(C)CC(C)O,1.0991,23.47
1653,CC(N)CC1=CCCCC1,2.2241,26.02
1654,NCCNC1CCCCC1O,-0.16180000000000078,58.28
1655,CCOCCCCOCC,1.8396000000000001,18.46
1656,CC(=O)OCCSC#N,0.76378,50.09
1657,O=C(CCN1CC1)NCO,-1.2418999999999996,52.34
1658,Nc1c[nH]ccc1=O,-0.04289999999999988,58.88
1659,CC(O)CN1CCCCC1,0.8531000000000002,23.47
1660,CC(=O)OCCSCCCl,1.5215,26.3
1661,C=CC(O)CN,-0.508,46.25
1662,CCSCCOC(C)=O,1.3026,26.3
1663,ONC=Nc1ccccc1,1.3252,44.62
1664,CCC(CC)C(N)=O,0.9078999999999999,43.09
1665,CCOC(=N)N(C)C,0.5192699999999999,36.32
1666,CN(C)NCCC#N,-0.03371999999999997,39.06
1667,CN(C)N(CCO)CCO,-1.2503999999999997,46.94
1668,NC(=O)Cc1cscn1,0.17089999999999989,55.980000000000004
1669,SCCOc1ccccc1,1.9951999999999999,9.23
1670,Nc1ccc2nccnc2c1,1.212,51.8
1671,NC(=O)NN1CCOCC1,-1.0981,67.59
1672,CNN(C)c1ccccc1C,1.56562,15.27
1673,CSc1cc(N)ncn1,0.7807000000000001,51.8
1674,Cc1cccnc1NC=O,0.9583199999999998,41.99
1675,O=COCC(CCl)OC=O,-0.06020000000000003,52.6
1676,Nn1cnc2ccccc21,0.7500999999999999,43.84
1677,CC(C)N(C)CCO,0.3189,23.47
1678,CCCCCN(C)CCO,1.1007,23.47
1679,CCN=C(NCC)NCC,0.5812999999999999,36.42
1680,Nc1ncc(I)cn1,0.6634,51.8
1681,CNc1nc(SC)ncc1C,1.54862,37.81
1682,OCCCCC1COCO1,0.5219,38.69
1683,CC1CCC2NCCNC2C1,0.7363999999999998,24.06
1684,CC1CNc2ccccc2N1,1.9124999999999999,24.06
1685,C1CN1CN1CC1,-0.42490000000000006,6.02
1686,CCSc1ccccc1C,3.107020000000002,0.0
1687,CC(CS)CCS,1.8721999999999999,0.0
1688,O=C1CC(=O)OCO1,-0.5660000000000001,52.60000000000001
1689,Nc1ccc(F)cc1Br,2.1704,26.02
1690,CCOCC#CCOCC,1.0628,18.46
1691,Cc1ccc2nnnn2c1,0.43271999999999977,43.08
1692,CC1CN=C(N)NC1=O,-0.9329999999999998,67.47999999999999
1693,CCC(=O)OCCN1CC1,0.2552000000000001,29.310000000000002
1694,C=C(Br)C(C)N,1.2421999999999997,26.02
1695,c1coc2occoc=2o1,1.90778,52.56
1696,CCNS(=O)(=O)O,-0.6013,66.4
1697,CCCCCNCCCCCO,1.9288000000000003,32.26
1698,CCCCCOC(=O)NCCO,0.8951,58.56
1699,Cc1occc1C(=O)O,1.28622,50.44
1700,CCN(CC)CCCCCCO,1.8809,23.47
1701,CCCSCCCl,2.3684000000000003,0.0
1702,CCNC(=O)C(CC)CO,0.14099999999999985,49.33
1703,CCC(=O)Nc1nccs1,1.4916,41.99
1704,COS(=O)OCCBr,0.6230000000000001,35.53
1705,C=CC(N)CCC,1.2998,26.02
1706,CC1CN1SSN1CC1C,1.606,6.02
1707,CC(C)(CCl)N=S=O,1.4004,29.43
1708,CCCC(=O)C(OC)OC,0.9744999999999999,35.53
1709,CC1CCCCN1CCCO,1.2431999999999999,23.47
1710,CC(C)=NN=C(N)N,-0.3444,76.75999999999999
1711,Clc1nnc2ccccn12,1.3826999999999998,30.19
1712,C=CC1OCCN1CC,0.8506,12.47
1713,O=CC(=O)c1ccsc1,1.1297,34.14
1714,CC(C)=NOC(N)=O,0.47750000000000015,64.68
1715,Cc1cccnc1NN,0.6756199999999999,50.94
1716,NCCC(O)CCl,-0.0651000000000001,46.25
1717,COC(=O)NCCCl,0.5811999999999999,38.33
1718,Clc1ccnnc1Cl,1.7833999999999999,25.78
1719,C[C@H]1C[C@H]1C,1.6622999999999999,0.0
1720,Cc1cc(N)c(C)nn1,0.6756399999999999,51.8
1721,Nc1ccnn2cnnc12,-0.2935000000000001,69.1
1722,CCc1nnc(Cl)s1,1.7539,25.78
1723,C=CCC(C#N)CCC#N,2.0060599999999997,47.58
1724,NN=C1CCCC1,0.8751000000000001,38.379999999999995
1725,Nc1nnc2ccccn12,0.3115,56.209999999999994
1726,Cc1ccc(F)cc1C,2.44254,0.0
1727,ClCC1CC2C=CC1C2,2.4374000000000002,0.0
1728,Nc1ncnc2c1ncn2N,-0.8777000000000001,95.64
1729,C=C(Br)CSCCO,1.6204999999999996,20.23
1730,CNC(=O)NC(=O)NC,-0.7451999999999999,70.23
1731,[Br-].[Na+],-5.992,0.0
1732,COC(=O)c1ccncn1,0.2631999999999999,52.08
1733,CC(C)COc1ccccc1,2.721400000000001,9.23
1734,CC=NCCCCCCCC,3.4376000000000024,12.36
1735,SCCCNC1CCCCC1,2.2286,12.03
1736,CCCC(C#N)C(=O)O,1.01088,61.09
1737,O=C(NCCCl)NCCBr,0.9193,41.13
1738,NCC1CCC=CO1,0.6377999999999997,35.25
1739,CC(F)C(=O)O,0.429,37.3
1740,Nc1ncnc(N)c1C=O,-0.5465,94.88999999999999
1741,CCCCCCSCC(O)CCl,2.8996000000000013,20.23
1742,CN(C)CCCCCCN,1.0671,29.259999999999998
1743,CCCOCC(O)CNCCN,-0.6777999999999982,67.51
1744,C[C@@H](O)CO,-0.6405000000000001,40.46
1745,CCSCC=CCSCC,3.0488000000000017,0.0
1746,CCCCSCC(O)CCl,2.1193999999999997,20.23
1747,CC1C=CCP1(C)=O,1.9376,17.07
1748,CC1CN(C)CC1C,1.204,3.24
1749,CCCCSSCCC(=O)OC,2.7310000000000008,26.3
1750,OCC1(CO)CCCCO1,-0.08970000000000034,49.69
1751,ON=C1CCC2CCC1C2,2.0267,32.59
1752,CCCSC(C)(C)C,2.9281000000000015,0.0
1753,Cc1cccc(O)c1Br,2.4631200000000013,20.23
1754,OB(O)CI,-0.5666,40.46
1755,O=S1(=O)CC(O)C1,-1.2243000000000002,54.370000000000005
1756,CSCCc1ccccn1,1.9871,12.89
1757,CN1NCc2cncnc21,-0.06900000000000062,41.05
1758,O=C1CCCCCCCC1O,1.6607,37.3
1759,CNc1ccccc1C=O,1.5408,29.1
1760,CCC=CCCCCCCO,2.8954000000000018,20.23
1761,O=C1CC2CCCC1C2,1.7656,17.07
1762,CCOC(=O)NC1CC1,0.8949,38.33
1763,NCCC(=O)NO,-1.1593999999999998,75.35000000000001
1764,N#CCC1CC=CCC1,2.25638,23.79
1765,Cc1nccnc1NN,0.07061999999999985,63.83
1766,Nc1cnnc(N)c1Cl,0.2944000000000002,77.82
1767,ICC1COC(CI)CO1,1.6404,18.46
1768,S=[As]c1ccccc1,1.1285999999999998,0.0
1769,N#CCCCSc1ccccc1,3.082480000000001,23.79
1770,O=C(O)C1CCCCC1O,0.6221000000000001,57.53
1771,C#CCCCCCCl,2.4188,0.0
1772,O=S1CCS(=O)CC1,-0.5025999999999999,34.14
1773,NC(=O)NC1CCC1,0.2071999999999996,55.120000000000005
1774,CC1CCCC(=O)CCC1,2.5458000000000007,17.07
1775,Cc1ccc(N=N)cc1,2.65749,36.21
1776,CNC(=O)c1csnn1,-0.1023,54.88
1777,CC1CN1CO,-0.3597000000000001,23.240000000000002
1778,BrC1CC2OC2C1,1.3111000000000002,12.53
1779,Cc1ncnc(N)c1N,-0.0505799999999999,77.82
1780,CON=C(C)C(N)=O,-0.506,64.68
1781,C1=C2CCCCC2OC1,1.8856,9.23
1782,CC(CO)NC1CCCC1,0.8994,32.26
1783,CCC(CO)NC1CCCC1,1.2894999999999999,32.26
1784,CCC(CC)NC(CC)CO,1.5354999999999999,32.26
1785,C=C1CCCC(O)CCC1,2.2577000000000007,20.23
1786,CC(C)=C(CO)CO,0.30739999999999995,40.46
1787,N#CC=CC=CC#N,1.1459599999999999,47.58
1788,CC(O)CNC1CCCC1,0.8994,32.26
1789,CC1CCC(NCCO)CC1,1.1469999999999998,32.26
1790,O=CC(=O)CC(O)CO,-1.5023,74.60000000000001
1791,N=c1ccccn1CCO,-0.040129999999999943,49.010000000000005
1792,CCC(C)CC(N)O,0.6997,46.25
1793,CC(C)CCCNCCO,1.0045,32.26
1794,COc1cccc(SC)c1,2.4171000000000005,9.23
1795,CCC1=CCC(=O)O1,1.2272,26.3
1796,CC(C)N1CCC1CO,0.4614,23.47
1797,Ic1nn[nH]n1,-0.19569999999999999,54.46
1798,CC1CN1N,-0.4357999999999999,29.03
1799,BrC1=CCCCCCC1,3.6194000000000024,0.0
1800,CCSCCCCO,1.512,20.23
1801,C=CCC(C)(C)C=NN,1.5332,38.379999999999995
1802,CN(N=O)c1nnnn1C,-0.6723000000000003,76.27000000000001
1803,Cn1nnc(CCCl)n1,-0.008600000000000163,43.6
1804,CNC(=O)OCCO,-0.6653,58.56
1805,COc1nccnn1,-0.11980000000000013,47.900000000000006
1806,COB(OC)C1CCCC1,1.7116,18.46
1807,ClCC#Cc1ccccc1,2.2769000000000004,0.0
1808,CC1SCSCS1,2.4606000000000003,0.0
1809,OC1CC2CCC(C1)S2,1.4053,20.23
1810,C#CCOC1CCCC1O,0.5495999999999999,29.46
1811,CCN1C(C)C1C(C)C,1.735,3.01
1812,CC1C=COC(C)CO1,1.3239,18.46
1813,CCOCC(C)=CCl,2.1654999999999998,9.23
1814,CN(C)C.O=CO,-0.12140000000000001,40.540000000000006
1815,CC#CCOCC1CO1,0.42510000000000003,21.759999999999998
1816,CC(=N)Oc1ccccc1,2.06257,33.08
1817,Cc1noc2nccnc12,0.9262199999999998,51.81
1818,CN1CCC(S)(S)CC1,1.2679,3.24
1819,OC1CCCCCCCCC1Cl,3.089100000000002,20.23
1820,COc1cccnn1,0.48519999999999985,35.010000000000005
1821,O=[Hf]=O,-0.2401,34.14
1822,CCCC(F)C(=O)OCC,1.6877,26.3
1823,CON(C)CCO,-0.5281000000000002,32.7
1824,Nc1nccc2snnc12,0.6685,64.69
1825,Cc1ncc(N)cn1,0.36722,51.8
1826,CCOC(CSC)OCC,1.7485,18.46
1827,CCCCN=Cc1ccccc1,2.9056000000000015,12.36
1828,CCC(CC)COCCCN,1.788,35.25
1829,NC(=O)n1nccc1N,-0.6079000000000003,86.93
1830,C=CCNC1=NCCO1,0.14819999999999994,33.620000000000005
1831,O=C(O)C=C1CCCC1,1.5714000000000001,37.3
1832,ON=C1CCn2cccc21,1.0701,37.52
1833,COP(N1CC1)N1CC1,0.4909,15.25
1834,CC=[N+]([O-])CC,0.6073,26.07
1835,OC1CC=CCCCCC1,2.2577000000000007,20.23
1836,CC1=CC(=O)NC1O,-0.6191000000000001,49.33
1837,CCP(C)(C)=S,1.7453999999999998,0.0
1838,CC1OCOC(C)C1C,1.4038,18.46
1839,CCC(C)=NC(=O)NN,0.44060000000000005,67.48
1840,CCCCSC(=O)C(C)O,1.4271,37.3
1841,O=C(O)C1SCCCS1,1.2671999999999999,37.3
1842,CC1=COCCO1,0.8945000000000001,18.46
1843,C=CS(=O)CCCCCCC,2.849000000000001,17.07
1844,CCOP(=O)(C#N)CC,1.80198,50.09
1845,CC1OCCCCO1,1.1594,18.46
1846,C=Cn1nnnc1N,-0.6442000000000001,69.62
1847,CC(=O)C(C)=CC=O,0.7205999999999999,34.14
1848,CNc1ncnc(Cl)c1N,0.7539,63.83
1849,O=C(Cl)CCN=C=S,1.2447000000000001,29.43
1850,Clc1ccc(CI)cc1,3.2750000000000012,0.0
1851,Brc1n[nH]nc1Br,1.3296999999999999,41.57
1852,I.c1ccncc1,1.6995999999999996,12.89
1853,CN=C(NC)S(=O)O,-0.5867,61.69
1854,C[Sn]1(C)CCCCS1,2.7185000000000006,0.0
1855,CCSC(C)CC(=O)O,1.6027,37.3
1856,C=CC1(O)CCOCC1,0.7139,29.46
1857,COCC(C)C=O,0.4678,26.3
1858,O=C(O)C1CCOC1=O,-0.3659000000000001,63.6
1859,ICC1(CI)CCCCC1,3.8069000000000024,0.0
1860,Cc1nc(Cl)ncc1N,1.0206199999999999,51.8
1861,CC1CS(=O)C1,0.38480000000000003,17.07
1862,COC(F)C(C)=O,0.5174000000000001,26.3
1863,CCNCC(=O)O,-0.31949999999999995,49.33
1864,COP(C)(=O)O,0.4479999999999999,46.53
1865,C=CCC=CC1CCCCC1,3.6990000000000025,0.0
1866,CCC=C(C#N)CC,2.25638,23.79
1867,CCCCCCC=CC(O)CC,3.283900000000002,20.23
1868,CCCCC=CCOCC,2.769300000000001,9.23
1869,COC(C)(C)C(C)O,0.7922,29.46
1870,OC1C=Cc2ccccc21,1.7468000000000001,20.23
1871,C=CC1(O)CCCC1,1.4775,20.23
1872,CC(=O)COCC1CO1,-0.009200000000000097,38.83
1873,C=C(Br)C(C)(C)C,2.9411000000000014,0.0
1874,OC1CCCCC2CC12,1.5574,20.23
1875,OCC1C=CCC1,0.9449,20.23
1876,COCCC1CC1,1.4329,9.23
1877,Cc1noc(C)c1Br,2.05394,26.03
1878,CNN=C1CCCC1,1.1358,24.39
1879,O=C(O)C(CBr)CBr,1.477,37.3
1880,C#CC1SCCCS1,1.8157999999999999,0.0
1881,C1=Cc2ccccc2CS1,2.9041000000000015,0.0
1882,CSCc1csc(N)n1,1.5883,38.91
1883,COC(=O)C=CCCBr,1.5006,26.3
1884,CSc1nccnn1,0.5934999999999999,38.67
1885,Cc1cnc(I)[nH]1,1.32272,28.68
1886,CCCC#CC(=O)O,0.8745,37.3
1887,O=C1COCC(=O)C1,-0.4551000000000003,43.370000000000005
1888,CC#CS(=O)C#CC,0.6967000000000001,17.07
1889,COC(CCC1CO1)OC,0.7843,30.99
1890,O=C1OC2CSCC2O1,0.6372,35.53
1891,Nc1nnc[se]1,-0.8842000000000003,51.8
1892,Brc1cnc2ccccn12,2.096799999999999,17.3
1893,CC1CCCCN1O,1.25,23.47
1894,O=CNc1ccn[nH]1,-0.02200000000000013,57.78
1895,C=C[Sn]CCCC,2.0525,0.0
1896,CC1CC=CC(=O)CC1,1.9317,17.07
1897,COC1=NC=CC=CC1,1.5049,21.59
1898,ClC(Cl)=C1OCCO1,1.6374,18.46
1899,CC(N)=NC(C)(C)C,1.1619999999999997,38.379999999999995
1900,NC(Cl)Cl,0.7063,26.02
1901,O=C1CCNC(=O)NC1,-0.7416,58.2
1902,c1cc2nncn2cn1,0.1242999999999998,43.08
